Id,Block,Area,WellName,X,Y,Horizon,SandName,TopSand,BaseSand,DataSource,DataSourceMDT,Netpay,Porosity,Sw,Egi,P,T,C1,C2,C3,iC4,nC4,iC5,nC5,C6,C7,C8+,CO2,N2,Total,GHV
1,B,KL,KL-1X,255880.7639,945034.5448,H,H_59,-6238.7,-6253.7,MLC,MLC,8.3,29.8,61.8,153.4,2820.2,114.4,86.5,5.1,1.8,0.3,0.3,0.1,0,0,0,0,3.4,2.5,100,1032
2,B,KL,KL-1X,255880.7639,945034.5448,H,H_76,-6416.1,-6448.5,MLC,MLC,12.7,22.3,41.8,158.2,2933,116.1,86.5,4.6,1.9,0.1,0.6,0.2,0,0,0,0,3.6,2.5,100,1035
3,B,KL,KL-1X,255880.7639,945034.5448,H,H_83,-6491.9,-6545.6,TST,TST-3,36.2,22.4,30.8,157.1,2961.9,117.2,91.1,3.2,0.5,0.1,0.1,0,0,0,0,0,4.2,0.6,100,1003
4,B,KL,KL-1X,255880.7639,945034.5448,I,I_94,-7800.7,-7875.9,TST,TST-2,53.4,19.4,50.5,172.8,3464,131.7,87.2,2.9,0.3,0.1,0.1,0,0,0,0.1,0,8.7,0.5,100,955
5,B,KL,KL-2X,255779.3996,949948.8475,H,H_84,-5344.9,-5416.9,MDT,MDT,40.2,23.5,50,130.5,2390.8,110.8,94.8,1.2,0.1,0,0,0,0,0,0,0,0,3.8,100,982
6,B,KL,KL-2X,255779.3996,949948.8475,H,H_98,-5470.2,-5490.8,MLC,MLC,5.4,23.2,65.4,131.8,2430.5,112.2,92.3,1.8,0.3,0.1,0.1,0.2,0,0,0,0,1.7,3.4,100,988
7,B,KL,KL-2X,255779.3996,949948.8475,I,I_42,-5997.2,-6018.7,MDT,MDT,19.1,22.3,31.3,143.4,2670.5,117.8,87.5,1.1,0.1,0,0,0,0,0,0,0,8.4,2.9,100,906
8,B,KL,KL-2X,255779.3996,949948.8475,I,I_97,-6668.6,-6704.3,MDT,MDT,28.8,19.9,30.2,154.7,2963.5,123.5,84.4,0.6,0.3,0,0,0,0,0,0,0,11.4,3.4,100,870
9,B,KL,KL-2X,255779.3996,949948.8475,J,J_9,-6763.9,-6803.5,MDT,MDT,29.3,21.2,31.7,155.1,3003.3,126,78.3,1.2,0.1,0,0,0,0,0,0,0,17.6,2.8,100,814
10,B,KL,KL-2X,255779.3996,949948.8475,J,J_18,-6824.5,-6835.7,MDT,MDT,3.9,23,36.5,156.7,3005.7,126.6,76.5,1.4,0.1,0,0,0,0,0,0,0,19.6,2.4,100,801
11,B,KL,KL-3X,259207.7091,940177.4202,F,F_30,-4547.9,-4556.7,MDT,MDT,4,25,58.4,116.1,2011.3,99.5,93,2.3,0.8,0.3,0.1,0.1,0,0,0,0,1.4,2,100,1018
12,B,KL,KL-3X,259207.7091,940177.4202,F,F_60,-4938.2,-4941.5,MLC,MLC,2.4,27.2,48.1,122.6,2196,107.5,91.2,3.4,1.2,0.3,0.2,0.1,0.1,0,0,0,1.9,1.7,100,1034
13,B,KL,KL-3X,259207.7091,940177.4202,F,F_94,-5399.3,-5401.2,MLC,MLC,1.2,17.6,58.3,135.4,2405.7,113,85.9,3.1,2,1.2,0.5,0.8,2.5,0,0,0,2.5,1.5,100,1159
14,B,KL,KL-3X,259207.7091,940177.4202,H,H_17,-5662.4,-5672,MDT,MDT,9.2,27.5,20.6,137.8,2547.5,115.4,90.6,3.4,0.8,0.3,0.2,0.1,0,0.1,0,0,2.9,1.7,100,1018
15,B,KL,KL-3X,259207.7091,940177.4202,H,H_19,-5691.2,-5703.3,MLC,MLC,9.2,19.9,55.9,136.9,2542.2,116.4,90.9,3.1,1,0.4,0.2,0,0,0,0,0,2.9,1.4,100,1018
16,B,KL,KL-3X,259207.7091,940177.4202,H,H_24,-5748.3,-5753.3,MLC,MLC,4.1,20.1,45.6,137.8,2574.1,117,91.9,2.5,0.7,0.2,0.1,0.1,0.1,0,0,0,3,1.5,100,1004
17,B,KL,KL-3X,259207.7091,940177.4202,H,H_86,-6447.2,-6476.2,MLC,MLC,11.5,24,68.1,150.5,2901.1,125.1,89.5,3.5,0.8,0.1,0.1,0,0.1,0,0,0,4.2,1.7,100,997
18,B,KL,KL-3X,259207.7091,940177.4202,I,I_9,-6742.2,-6752.5,MLC,MLC,1.6,24.8,62.2,154,3019.6,128.9,90.2,1.9,0.2,0,0.4,0.4,0.5,0,0,0,4.7,1.8,100,998
19,B,KL,KL-3X,259207.7091,940177.4202,I,I_33,-7098.7,-7126.2,MLC,MLC,3.3,13.4,61.2,159.4,3235.4,137.7,89.5,1.5,0.5,0,0.2,0.5,0.6,0,0,0,5.2,1.9,100,995
20,B,KL,KL-3X,259207.7091,940177.4202,I,I_42,-7217.5,-7224.1,MLC,MLC,1.3,12.2,61,162.6,3234,134.5,86.4,2.8,0.7,0.4,0.4,1.3,0.5,0,0,0,5.4,1.9,100,1042
21,B,KL,KL-3X,259207.7091,940177.4202,I,I_60,-7479.8,-7490.9,MLC,MLC,5.6,15.8,67.5,164.3,3355.3,137.6,90.2,0.3,0.1,0.3,0.5,0.3,0.4,0,0,0,5.9,2,100,972
22,B,KL,KL-3X,259207.7091,940177.4202,I,I_66,-7573.8,-7591.5,MDT,MDT,4.3,16.9,55.6,168.4,3436,137.5,87.9,2.9,0.6,0.1,0.1,0,0,0,0,0,6.2,2.2,100,961
23,B,KL,KL-3X,259207.7091,940177.4202,I,I_77,-7730.5,-7761.6,MLC,MLC,11.4,17.6,64,170.5,3495.8,140.6,82.2,2.6,0.4,0.1,0.1,0,0,0,0,0,12.6,2,100,893
24,B,KL,KL-3X,259207.7091,940177.4202,I,I_80,-7776.7,-7796.2,MLC,MLC,9.7,14.6,48.8,170.8,3494,141.1,79.9,2.7,0.4,0.1,0.1,0,0,0,0,0,14.8,1.9,100,872
25,B,KL,KL-3X,259207.7091,940177.4202,I,I_98,-8035.5,-8042.7,MLC,MLC,6.3,16.1,42.7,177,3550.5,141.1,69.5,1.4,0.2,0,0,0,0,0,0,0,27,1.8,100,735
26,B,KL,KL-3X,259207.7091,940177.4202,J,J_4,-8110.7,-8154.4,MDT,MDT,21.4,18.3,43.9,179.1,3580.1,143.1,64.9,1.4,0.4,0,0,0,0,0,0,0,31.5,1.7,100,694
27,B,KL,KL-3X,259207.7091,940177.4202,J,J_23,-8272.5,-8302.9,MDT,MDT,15.6,16.2,36.5,180.6,3641.8,144.5,65.6,1.3,0.2,0,0,0,0,0,0,0,30.9,1.9,100,696
28,B,KL,KL-3X,259207.7091,940177.4202,J,J_28,-8317.1,-8336.9,MLC,MLC,4.1,14.5,31.1,176.8,3622.8,147.5,68.3,1.2,0.1,0,0,0,0,0,0,0,28.4,1.9,100,718
29,B,KL,KL-3X,259207.7091,940177.4202,J,J_31,-8343.4,-8420.9,MDT,MDT,59.1,19.7,26.7,179.3,3650.9,147.4,70.7,1.5,0.2,0,0,0,0,0,0,0,25.4,2,100,751
30,B,KL,KL-4X,255329.3627,948472.3796,M,MMU_90,-3908.6,-3912.1,MLC,MLC,1.5,25.1,19,102.6,1735.3,90.5,91.8,3.2,0.8,0.3,0.1,0,0,0,0,0,1.4,2.3,100,1019
31,B,KL,KL-4X,255329.3627,948472.3796,F,F_7,-4105.9,-4108.2,MLC,MLC,2.3,28,37.7,105.9,1813.2,95.7,91.3,2.7,0,0,0,0,2.3,0,0,0,1.4,2.3,100,1061
32,B,KL,KL-4X,255329.3627,948472.3796,F,F_11,-4168.8,-4233.2,MLC,MLC,8.8,22.6,67.5,107.1,1839.7,94.3,92.9,2.1,0.8,0.2,0.1,0,0.1,0,0,0,1.4,2.3,100,1012
33,B,KL,KL-4X,255329.3627,948472.3796,F,F_16,-4245.2,-4251.5,MLC,MLC,0.8,13.4,11,109.8,1878.2,95.5,90,4.3,1.3,0.4,0.3,0,0.1,0,0,0,1.4,2.3,100,1041
34,B,KL,KL-4X,255329.3627,948472.3796,F,F_24,-4373.5,-4378.2,MLC,MLC,3,29.9,36.7,112.9,1963.6,97.4,93,2.3,0.6,0.2,0.1,0,0,0,0,0,1.4,2.3,100,1006
35,B,KL,KL-4X,255329.3627,948472.3796,F,F_27,-4415.2,-4436.9,MDT,MDT-1,19.8,21.8,35.4,112.2,1963.1,99.1,90.3,2.6,0.4,0.1,0.1,0,0,0,0,0,2.2,4.2,100,981
36,B,KL,KL-4X,255329.3627,948472.3796,F,F_43,-4662.1,-4680.4,MLC,MLC,6.2,24,49.8,118.2,2074.9,100.6,90.3,2.9,0.8,0.3,0.1,0,0,0,0,0,1.9,3.6,100,999
37,B,KL,KL-4X,255329.3627,948472.3796,F,F_51,-4783.3,-4790.1,MLC,MLC,5.7,17.7,40.8,121.2,2159.9,104.7,90.4,3.3,0.8,0.3,0.1,0,0,0,0,0,1.8,3.4,100,1004
38,B,KL,KL-4X,255329.3627,948472.3796,F,F_52,-4798.3,-4813.7,MLC,MLC,10,20.9,59.8,120.8,2160.2,105.6,90.5,3.2,0.8,0.3,0.1,0,0,0,0,0,1.7,3.3,100,1003
39,B,KL,KL-4X,255329.3627,948472.3796,F,F_60,-4925.1,-4930.1,MLC,MLC,3.2,14.5,34,124.5,2240.5,107.6,90.9,3.2,0.7,0.2,0.1,0.1,0,0,0,0,1.6,3.1,100,1010
40,B,KL,KL-4X,255329.3627,948472.3796,F,F_65,-5008.1,-5064.5,MDT,MDT-1,43.5,20.1,37.4,126.2,2272.8,107.7,92.7,2.5,0.4,0.1,0,0,0,0,0,0,1.5,2.8,100,994
41,B,KL,KL-4X,255329.3627,948472.3796,F,F_70,-5088.7,-5094.3,MLC,MLC,5.2,16.8,44.4,127,2276.5,107,90.5,3.7,0.9,0.2,0.1,0.1,0,0,0,0,1.7,2.8,100,1018
42,B,KL,KL-4X,255329.3627,948472.3796,F,F_75,-5159.5,-5162.6,MLC,MLC,2.4,18.1,50.5,126.4,2284.1,109.3,90.3,3.4,1,0.4,0.2,0,0,0,0,0,2,2.7,100.0669244,1021
43,B,KL,KL-4X,255329.3627,948472.3796,F,F_77,-5183.2,-5189.5,MLC,MLC,4.1,16.3,52.6,126.7,2295.5,109.9,90.6,3,1.1,0.3,0.1,0.1,0.1,0,0,0,2,2.7,100,1016
44,B,KL,KL-4X,255329.3627,948472.3796,F,F_78,-5198.4,-5209.8,MLC,MLC,1.7,10.9,58.9,129.5,2344,109.6,89.9,4.4,0.5,0.2,0.1,0,0,0,0,0,2.1,2.6,100,1012
45,B,KL,KL-4X,255329.3627,948472.3796,F,F_82,-5270.4,-5363.4,MDT,MDT-2,67.9,21.3,30,132.1,2402.9,111.4,90.8,3.2,0.6,0.2,0.1,0,0,0,0,0,2.6,2.5,100,1000
46,B,KL,KL-4X,255329.3627,948472.3796,F,F_89,-5374.3,-5382.8,MLC,MLC,3.7,17.2,66.2,129.9,2382,112.5,90.7,3,0.8,0.2,0.1,0,0,0,0,0,2.6,2.5,100,1003
47,B,KL,KL-4X,255329.3627,948472.3796,F,F_94,-5450.6,-5545.4,MLC,MLC,91.5,25.3,17.5,135,2468.1,113.7,88,4.7,1.3,0.5,0.2,0.1,0,0,0,0,2.6,2.6,100,1031
48,B,KL,KL-4X,255329.3627,948472.3796,H,H_5,-5620.9,-5685.7,MDT,MDT-2,46.5,19.1,37.8,135.5,2515.7,116.2,91.4,2.7,0.4,0.1,0,0,0,0,0,0,2.5,2.9,100,985
49,B,KL,KL-4X,255329.3627,948472.3796,H,H_22,-5851.9,-5857.1,MLC,MLC,4.6,17.6,46,137.7,2592.9,119.7,89.1,3.7,0.9,0.3,0.2,0.1,0,0,0,0,2.5,3.2,100,1009
50,B,KL,KL-4X,255329.3627,948472.3796,H,H_24,-5870.2,-5886.8,MLC,MLC,13.4,17.1,50.4,138.2,2605.4,120,89,3.8,0.9,0.3,0.2,0,0,0,0,0,2.5,3.2,100,1008
51,B,KL,KL-4X,255329.3627,948472.3796,F,F_82,-5907.1,-5913.3,MDT,MDT-3,1.6,14.3,43.2,138.4,2617.8,120.5,90.9,3.1,0.6,0.2,0.1,0,0,0,0,0,2.6,2.4,100,1002
52,B,KL,NKL-3X,248961.29,969725.98,F,F_17,-3832.7,-3849.7,MDT,SMP-1,11.8,26.8,22,103,1740,88,93.4,2.4,0.3,0.1,0,0,0,0,0,0,1,2.7,100,1000
53,B,KL,NKL-3X,248961.29,969725.98,F,F_22,-3884.8,-3899.5,MLC,MLC,3.8,14.6,54,104.1,2077,193,93.2,2.6,0.3,0.1,0,0,0,0,0.1,0,1,2.7,100,1003
54,B,KL,NKL-3X,248961.29,969725.98,F,F_27,-3939.1,-3951.9,MDT,SMP-2,6.1,24.1,35.1,103.9,1739,194,93.5,2.7,0.3,0.1,0,0,0,0,0,0,0.9,2.5,100,1005
55,B,KL,NKL-3X,248961.29,969725.98,F,F_31,-3983.8,-4140.9,MDT,SMP-3,27.8,29.2,23.8,104.7,1789,92,93.6,2.3,0.3,0.1,0,0,0,0,0,0,1,2.7,100,999
56,B,KL,NKL-3X,248961.29,969725.98,F,F_56,-4238.9,-4322.2,MDT,SMP-4,72.1,30.9,19.4,111.7,1912,95,93.4,2.3,0.3,0.1,0,0,0,0,0,0,1.2,2.7,100,998
57,B,KL,NKL-3X,248961.29,969725.98,F,F_69,-4366.5,-4377.1,MDT,SMP-6,1.9,27.5,48,113.7,1951,98,93.3,2.7,0.2,0.1,0,0,0,0.1,0,0,1,2.7,100,1002
58,B,AQ,AQ-1X,256260.301,926934.4832,H,H_23,-6424.3,-6430.4,MLC,MLC,3.6,17.2,42.2,153.6,3009.6,131,84.5,3.3,2.4,0.8,0.4,0,0.1,0,0,0,4.8,3.6,100,1018
59,B,AQ,AQ-1X,256260.301,926934.4832,H,H_24,-6444.9,-6453.3,MLC,MLC,5.2,19.2,42.4,155.6,3014,131.2,81.3,3.8,3.7,1.6,0.9,0.1,0.2,0,0,0,4.8,3.6,100,1075
60,B,AQ,AQ-1X,256260.301,926934.4832,H,H_34,-6567.6,-6573.1,MLC,MLC,4.7,24.1,61.8,155.9,3086,132.4,85.9,2.7,1.9,0.6,0,0.4,0.1,0,0,0,4.9,3.5,100,1002
61,B,AQ,AQ-1X,256260.301,926934.4832,H,H_59,-6884.6,-6896.8,MLC,MLC,9.1,24,56.1,161.1,3259.1,135.6,88.3,1.8,0.5,0.3,0.2,0.4,0.1,0,0,0,5.2,3.2,100,974
62,B,AQ,AQ-1X,256260.301,926934.4832,H,H_64,-6945.3,-6968.5,MLC,MLC,20.9,23.9,63.5,161.7,3282.6,136.2,88.8,1.5,0.3,0,0,0.9,0.2,0,0,0,5.2,3.2,100,972
63,B,AQ,AQ-1X,256260.301,926934.4832,H,H_84,-7204.2,-7209.3,MLC,MLC,4.3,21.4,36.2,168,3468.8,138.7,89.6,1.6,0.2,0,0.2,0,0.1,0,0,0,5.4,2.9,100,949
64,B,AQ,AQ-1X,256260.301,926934.4832,H,H_88,-7254.6,-7273.9,MLC,MLC,16,19.5,54.4,167.4,3486.3,141,90,1.4,0.1,0,0.1,0.1,0,0,0,0,5.5,2.9,100,943
65,B,AQ,AQ-1X,256260.301,926934.4832,H,H_97,-7370.8,-7406.1,TST,TST-3,34.9,22.5,31.7,169.5,3518.7,141.4,89.2,2.3,0.2,0,0,0,0,0.1,0.1,0,6.4,1.6,100,947
66,B,AQ,AQ-1X,256260.301,926934.4832,I,I_6,-7517.4,-7530.8,TST,TST-2,8.2,16.5,32.9,172.4,3599.8,141.8,88.9,1.4,0.2,0,0,0,0,0,0,0,7.5,1.9,100,956
67,B,AQ,AQ-1X,256260.301,926934.4832,I,I_9,-7567.5,-7583.4,MDT,MDT,11.3,21.8,30.4,172.2,3617.5,143.2,89,2.5,0.1,0,0,0,0,0,0,0,6.4,1.8,100,950
68,B,AQ,AQ-1X,256260.301,926934.4832,I,I_13,-7644.1,-7676.9,MLC,MLC,20.7,17.8,62.2,174.4,3610.1,143.1,84.9,1,0.3,0.8,0.4,1.4,0.6,0,0,0,8.8,1.9,100,1000
69,B,AQ,AQ-1X,256260.301,926934.4832,I,I_18,-7749.1,-7760.2,MLC,MLC,5.9,12.2,60.1,181.4,3636.9,144.1,76.5,1,0.3,0,1.8,1,7.4,0,0,0,10.1,1.9,100,1194
70,B,AQ,AQ-1X,256260.301,926934.4832,I,I_22,-7816.3,-7829.7,MLC,MLC,8.3,16.9,42.4,174.3,3658,144.8,84.9,1.7,0.2,0.1,0.1,0.1,0.1,0,0,0,11.1,1.9,100.2,907
71,B,AQ,AQ-1X,256260.301,926934.4832,I,I_23,-7836.4,-7844.3,MLC,MLC,5.5,12.9,51.6,175.2,3662.8,144.9,83.6,1.7,0.3,0.3,0.2,0.6,0.2,0,0,0,11.1,1.9,100,933
72,B,AQ,AQ-1X,256260.301,926934.4832,I,I_25,-7876.3,-7884.6,MLC,MLC,7.1,14.9,50.8,175.5,3675.2,145.4,83.2,1.6,0.3,0.4,0.2,0.6,0.2,0,0,0,11.6,1.9,100,927
73,B,AQ,AQ-1X,256260.301,926934.4832,I,I_32,-8004.2,-8016.5,MDT,MDT,11.9,19.8,29.2,177.9,3798.3,146.8,86.5,2.1,0.3,0,0,0,0,0,0,0,7,3.9,100,925
74,B,AQ,AQ-1X,256260.301,926934.4832,I,I_73,-8766.3,-8804.3,TST,TST-1,28.4,15.9,35.7,184.8,3969.6,154.9,74.5,1.2,0.1,0,0,0,0,0,0,0,22,2,100,786
75,B,AQ,AQ-1X,256260.301,926934.4832,I,I_81,-8903.4,-8912.1,MLC,MLC,6.3,14.5,38.5,187.2,3984.7,155.4,68.7,0.9,0.2,0.1,0.1,0.1,0,0,0,0,28.1,1.9,100,722
76,B,AQ,AQ-1X,256260.301,926934.4832,I,I_90,-9077.4,-9110.7,MDT,MDT,28.9,16.7,31.5,191.9,3994.3,158.7,55.3,0.7,0.1,0,0,0,0,0,0,0,42.1,1.7,100,580
77,B,AQ,AQ-1X,256260.301,926934.4832,I,I_92,-9113,-9134.5,MLC,MLC,9,14.6,60.9,192.4,3975.8,157.5,54.9,0.8,0.1,0.1,0.1,0.1,0.1,0,0,0,42,1.7,100,588
78,B,AQ,AQ-1X,256260.301,926934.4832,I,I_95,-9176,-9181.9,MLC,MLC,2,17.9,23.6,196.3,3988.2,158.1,48.6,0.8,0.3,0.2,0.1,0.1,0.1,0,0,0,48.1,1.6,100,532
79,52,AQ,AQ-3X,258459.2242,915514.6834,F,F_33,-5394,-5400.2,MLC,MLC,4.1,24.5,55.9,147,2396.8,118,74.4,8.3,7.1,0,0,0,0,0,0,0,4,6.2,100,1078
80,52,AQ,AQ-3X,258459.2242,915514.6834,H,H_31,-6852.9,-6864.5,TST,TST-7,8.6,23.5,60.1,191,3644,127,72.2,4.6,5.6,1.4,1.5,0.6,0.4,0.7,0.2,0,8.4,4.3,100,1134
81,52,AQ,AQ-3X,258459.2242,915514.6834,I,I_57,-8923.1,-8954.1,TST,TST-5,26.5,13.5,48.1,191.9,4327,162,82.1,2,0.1,0,0,0,0,0.1,0,0,14.2,1.4,100,876
82,52,AQ,AQ-3X,258459.2242,915514.6834,I,I_86,-9472.8,-9508.8,TST,TST-3,36,17.6,32.5,204.3,4470,170,55.1,0.6,0,0,0,0,0,0.1,0,0,42.8,1.3,100,575
83,52,AQ,AQ-3X,258459.2242,915514.6834,I,I_93,-9615.6,-9653.8,TST,TST-2,38.2,15.6,37.1,208.8,4500,173,46.5,0.3,0,0,0,0,0,0,0,0,52.1,1,100,479
84,52,AQ,AQ-3X,258459.2242,915514.6834,I,I_98,-9717.3,-9754.4,TST,TST-1,36.9,13.7,41.5,201.9,4360,175,46.2,0.4,0,0,0,0,0,0.1,0,0,51.9,1.4,100,478
85,52,AQ,AQ-4X,253490.8935,917318.7564,F,F_24,-5375.5,-5419.3,TST,TST-4,39.9,26.1,27.9,141.2,2395.1,117.7,72.8,9.4,6.8,1.5,1.6,0.6,0.4,0.4,0.1,0,3.9,2.4,100,1240
86,52,AQ,AQ-4X,253490.8935,917318.7564,F,F_55,-5821.4,-5843.4,TST,TST-3,21.3,18.3,41.1,143.5,2625.7,128.1,69.7,7.5,6.7,1.8,1.5,0.6,0.4,0.4,0.1,0.1,7.5,3.7,100,1181
87,52,AQ,AQ-4X,253490.8935,917318.7564,F,F_73,-6076.1,-6082.1,MLC,MLC,2.7,16.9,50.8,147.1,2734.7,127.7,70.4,7.9,5.9,0.9,1.1,0.3,0.2,0,0,0,8.8,4.7,100,1078
88,52,AQ,AQ-4X,253490.8935,917318.7564,F,F_77,-6128.4,-6132.6,MLC,MLC,3,15.7,60.3,147.4,2750,128.8,69.6,8.4,5.3,1,1.2,0.3,0.2,0,0,0,9,4.9,100,1077
89,52,AQ,AQ-4X,253490.8935,917318.7564,F,F_80,-6174,-6177.8,MDT,MDT-3,3.4,24.2,26.3,154.9,2779.9,129.7,52.9,6,3.8,0.7,0.8,0.2,0.2,0.3,0.3,0.1,31,3.8,100,838
90,52,AQ,AQ-4X,253490.8935,917318.7564,F,F_99,-6453.4,-6458,MLC,MLC,3.8,14.2,39.4,152.9,2895.1,134.5,65.5,6.8,7.4,1.5,1.4,0.4,0.3,0,0,0,10.4,6.3,100,1090
91,52,AQ,AQ-4X,253490.8935,917318.7564,H,H_15,-6664.4,-6670.8,TST,TST-2,4.1,16.8,39.6,151.2,2995.1,142.5,68.9,5.4,4.4,1,1,0.4,0.3,0.3,0.2,0.1,11.1,6.9,100,1025
92,52,AQ,AQ-4X,253490.8935,917318.7564,H,H_23,-6764.1,-6785.2,MLC,MLC,2.9,12.4,58.4,156.2,3100.2,141.4,67.2,6.5,5.4,0.9,1,0.2,0.1,0,0,0,11.1,7.6,100,1004
93,52,AQ,AQ-4X,253490.8935,917318.7564,H,H_41,-7010.8,-7016.3,MLC,MLC,2.6,12,57.8,165.6,3413.8,150,66.2,4.8,6.7,1.2,1.3,0.3,0.2,0,0,0,10.7,8.8,100,1020
94,52,AQ,AQ-4X,253490.8935,917318.7564,H,H_48,-7095.8,-7099.1,MLC,MLC,2.2,12.7,51.7,169.9,3536.3,151,66,4.7,6.6,1.5,1.1,0.4,0.1,0,0,0,10.5,9.2,100,1017
95,52,AQ,AQ-4X,253490.8935,917318.7564,H,H_49,-7113.9,-7119.4,MLC,MLC,3.3,13.6,42.4,170.5,3569.2,151.3,67.4,4,5.6,1.5,1.2,0.4,0.2,0,0,0,10.5,9.3,100,1003
96,52,AQ,AQ-4X,253490.8935,917318.7564,H,H_58,-7238.7,-7264.6,MLC,MLC,24.2,14.5,30.6,174.4,3775.4,151.9,74.6,3,1.6,0.3,0.3,0.1,0,0,0,0,10.2,9.8,100.0004064,869
97,52,AQ,AQ-4X,253490.8935,917318.7564,H,H_61,-7280,-7307.2,TST,TST-1,19.3,15.1,57.4,174.6,3778.1,151.7,75.2,2.8,1.3,0.3,0.2,0.1,0.1,0.2,0.1,0,10.1,9.7,100,880
98,52,AQ,AQ-5X,255898.846,925661.1167,M,MMU_88,-4377,-4382.6,MLC,MLC,5.2,20.8,58.7,110.7,1934.1,104.1,84.9,5.4,3.8,0.4,0.2,0.1,0,0,0,0,1.4,3.8,100,1073
99,52,AQ,AQ-5X,255898.846,925661.1167,F,F_27,-4864.8,-4929.8,MLC,MLC,17.5,23.8,39.6,121.1,2151.1,108.3,83.7,5.9,2.9,0.5,0.3,0.1,0.1,0,0,0,1.9,4.5,100,1058
100,52,AQ,AQ-5X,255898.846,925661.1167,F,F_48,-5149.1,-5154.1,MLC,MLC,4.7,18.5,44.2,128.4,2315.5,114.4,80.9,4.4,5.1,0.9,0.6,0.1,0.1,0,0,0,3,5,100,1077
101,52,AQ,AQ-5X,255898.846,925661.1167,F,F_51.5,-5191.4,-5194.3,MDT,MDT,2.9,23.5,26.1,126.9,2318.1,115.5,82.3,4.1,3.5,1,0.6,0.2,0.1,0.1,0,0,3.1,5.1,100,1057
102,52,AQ,AQ-5X,255898.846,925661.1167,F,F_52.1,-5199,-5203,MLC,MLC,1.8,16.1,56.7,126.9,2311.2,115.1,82.7,3.5,4.1,0.8,0.5,0.1,0.1,0,0,0,3.1,5.1,100,1049
103,52,AQ,AQ-5X,255898.846,925661.1167,F,F_62,-5330.8,-5341,MLC,MLC,5.8,20.2,51.1,131.5,2406.2,116.9,81.2,3.9,4.6,0.8,0.5,0.1,0,0,0,0,3.6,5.3,100,1051
104,52,AQ,AQ-5X,255898.846,925661.1167,F,F_69,-5414.7,-5419.4,MDT,MDT,4,18.8,36.2,133.3,2457.1,118.9,81.4,3.8,3.3,1,0.6,0.2,0.1,0.1,0,0,4,5.4,100,1046
105,52,AQ,AQ-5X,255898.846,925661.1167,F,F_73,-5476.8,-5485.2,MLC,MLC,7.6,22.7,46.3,133.1,2461.6,119,81.7,3.6,4,0.8,0.5,0.1,0,0,0,0,4,5.3,100,1036
106,52,AQ,AQ-5X,255898.846,925661.1167,F,F_94,-5750.7,-5755.8,MLC,MLC,3.3,16.3,53.8,138.5,2606.8,122.8,82.4,3.8,3.6,0.8,0.3,0.1,0,0,0,0,4.2,4.8,100,1030
107,52,AQ,AQ-5X,255898.846,925661.1167,F,F_96,-5771.9,-5775.6,MDT,MDT,3.7,19.6,41.2,137.2,2606.4,124.8,82.4,3.6,3,1,0.6,0.2,0.1,0.1,0,0,4.2,4.7,100,1043
108,52,AQ,AQ-5X,255898.846,925661.1167,H,H_92,-6992.7,-7011.6,MLC,MLC,7.8,14.4,66.1,161.8,3335.9,140.3,86.5,1.1,0.2,0.1,0.1,0.1,0,0,0,0,8.7,3.2,100,910
109,52,AQ,AQ-5X,255898.846,925661.1167,I,I_6,-7226.6,-7236.1,MLC,MLC,7.6,15.5,62.1,165,3449.7,143.6,86,1.2,0.1,0,0.1,0,0,0,0,0,9.6,3,100,896
110,52,AQ,AQ-5X,255898.846,925661.1167,I,I_17,-7447.9,-7457.1,MLC,MLC,4.4,13.4,54.1,170.6,3562.7,146.7,81.9,1.5,1.1,0.3,0.3,1,0.6,0,0,0,10.5,2.8,100,963
111,52,AQ,AQ-5X,255898.846,925661.1167,I,I_21,-7527.7,-7530.6,MLC,MLC,1.8,12.5,52.6,170.2,3601.7,147.8,84.4,0.7,0.5,0.2,0.3,0.3,0,0,0,0,10.8,2.8,100,905
112,52,AQ,AQ-5X,255898.846,925661.1167,I,I_34,-7800.2,-7822.9,MLC,MLC,19.3,20.3,33.4,172.1,3745.8,154.9,83.2,2.2,0,0,0,0,0,0,0,0,12,2.6,100,881
113,52,AQ,AQ-5X,255898.846,925661.1167,I,I_58,-8296.3,-8317.1,MLC,MLC,3.7,12.6,48.1,181.5,4039.2,160.3,82.1,1.7,0,0,0,0,0,0,0,0,14,2.2,100,862
114,52,AQ,AQ-5X,255898.846,925661.1167,I,I_62,-8372.9,-8379.2,MLC,MLC,3.7,15.4,59.1,182,4043.4,159.7,82.2,1.4,0,0,0,0,0,0,0,0,14.3,2.1,100,856
115,52,AQ,AQ-5X,255898.846,925661.1167,I,I_73,-8589.4,-8610.3,MLC,MLC,8.2,14.4,44.5,181.1,4052.1,162.9,80.8,2,0.1,0,0,0,0,0,0,0,15.2,1.9,100,854
116,52,AQ,AQ-5X,255898.846,925661.1167,I,I_78,-8694.6,-8701.4,MLC,MLC,5.7,16.1,39.7,180.6,4042.4,163.4,80.6,1.9,0,0,0,0,0,0,0,0,15.6,1.8,100,850
117,52,AQ,AQ-5X,255898.846,925661.1167,I,I_81,-8758,-8798.2,MDT,SRFT-2,32.9,14.7,40.3,181.5,4049.8,163,78.5,3,0.4,0.1,0.1,0,0,0.1,0,0,16.1,1.7,100,871
118,52,AQ,AQ-5X,255898.846,925661.1167,I,I_85,-8839.5,-8845.6,MLC,MLC,3,14.6,42.7,180.4,4050.9,166.3,77.8,1.5,0.1,0,0,0,0,0,0,0,19,1.6,100,817
119,52,AQ,AQ-5X,255898.846,925661.1167,I,I_94,-9034.2,-9054.1,MLC,MLC,16.1,18.1,24.8,182.4,4045.3,169,66.1,1.2,0.5,0,0.1,0,0,0,0,0,30.4,1.6,100,705
120,52,AQ,AQ-5X,255898.846,925661.1167,I,I_97,-9082.4,-9136.4,MLC,MLC,51.3,15.2,46.7,183.1,4044,169.7,63.7,1.3,0,0,0,0,0,0,0,0,33.3,1.7,100,668
121,52,AQ,AQ-5X,255898.846,925661.1167,I,I_99,-9142.9,-9150.6,MLC,MLC,4.2,13.3,67,184,4042.2,170.6,60.1,1.3,0.1,0,0,0,0,0,0,0,36.8,1.7,100,632
122,52,AQ,AQ-5X,255898.846,925661.1167,J,J_9,-9234.8,-9322.5,MDT,SRFT-1,78.8,20,24.4,186.3,4038.9,171.9,54.8,1.3,0.2,0.1,0,0,0,0.1,0,0,41.9,1.5,100,593
123,52,AQ,AQ-5X,255898.846,925661.1167,J,J_23,-9357,-9420.1,MLC,MLC,25,16.7,50.9,188.8,4036.1,173.6,47.7,1.1,0.2,0,0,0,0,0,0,0,49.5,1.5,100,508
124,52,AQ,AQ-6X,251557.6881,926101.8909,F,F_23,-5228.9,-5231.4,MLC,MLC,2.4,19.9,54.9,131.3,2317,114,80.1,4.2,3.8,1,3.6,0.3,0.4,0,0,0,3.9,2.6,100.01,1158
125,52,AQ,AQ-6X,251557.6881,926101.8909,F,F_48.5,-5618.7,-5623.5,MLC,MLC,3.9,18.3,44.9,143.1,2526,120,69.2,5.6,4.4,1.1,4.2,0.6,0.5,0,0,0,11.3,3.2,99.99,1123
126,52,AQ,AQ-6X,251557.6881,926101.8909,F,F_49.5,-5634.5,-5639.6,MLC,MLC,4.9,17.7,60.2,139.5,2537,121,73.7,4.9,2.7,0.3,3.7,0,0.1,0,0,0,11.5,3.2,100,1030
127,52,AQ,AQ-6X,251557.6881,926101.8909,F,F_55,-5717.7,-5723.4,MLC,MLC,5.4,18.8,60.3,142.6,2580,121,72.4,3.5,3.2,0.8,3.3,0.2,0.2,0,0,0,13.1,3.3,99.99,1023
128,52,AQ,AQ-6X,251557.6881,926101.8909,F,F_57,-5747.6,-5752.1,MLC,MLC,2.9,19.7,65.2,143.7,2598,121,71.8,3.5,3.2,0.8,3.3,0.2,0.2,0,0,0,13.7,3.4,100,1016
129,52,AQ,AQ-6X,251557.6881,926101.8909,F,F_61,-5805.8,-5811.8,MLC,MLC,5.4,17.8,56.7,144,2606,122,70.3,3.6,3.2,0.8,3.3,0.3,0.3,0,0,0,14.8,3.5,100.01,1009
130,52,AQ,AQ-6X,251557.6881,926101.8909,F,F_65,-5871,-5882.2,MDT,RDT,11.2,20.2,47,143.4,2634,124,66.8,8.3,3.8,0.5,0.5,0.1,0.1,0,0,0,16.4,3.4,100,960
131,52,AQ,AQ-6X,251557.6881,926101.8909,F,F_78,-6068.7,-6118.4,MDT,RDT,49.5,23.7,25.3,150.4,2739,126,66.2,7,4.2,0.8,0.9,0.3,0.2,0.2,0.1,0,15.3,4.8,100,990
132,52,AQ,AQ-6X,251557.6881,926101.8909,H,H_3,-6458.2,-6460.3,MLC,MLC,1.5,17.4,50.3,153,2870,131,70.6,4,4.2,1.4,3.5,0.5,0.6,0,0,0,9.9,5.2,100,1097
133,52,AQ,AQ-6X,251557.6881,926101.8909,H,H_4,-6472.4,-6474.4,MLC,MLC,2,18.3,56.4,150.2,2875,132,75,2.6,2.5,1,3.4,0.3,0.3,0,0,0,9.7,5.2,100,1035
134,52,AQ,AQ-6X,251557.6881,926101.8909,H,H_14,-6638.2,-6640.9,MLC,MLC,2.9,21.6,43.5,151.3,2953,135,78.4,2.4,2.1,0.9,3.4,0.2,0.2,0,0,0,7.3,5.3,100.01,1040
135,52,AQ,AQ-6X,251557.6881,926101.8909,H,H_15,-6648.5,-6694.9,MDT,RDT,10.8,18.1,56.6,151,2953,135,79.6,4.1,2.7,1.1,0.4,0.2,0.1,0.1,0,0,6.5,5.3,100,1006
136,52,AQ,AQ-6X,251557.6881,926101.8909,H,H_63,-7395.4,-7413.4,MDT,RDT,17.6,18.4,50.5,172.3,3533,145,77.5,4.3,2.5,0.7,0.4,0.2,0.1,0.2,0.1,0,9.4,4.7,100,983
137,52,AQ,AQ-7X,250988.3066,907045.3877,F,F_36,-5898,-5905.4,MLC,MLC,3.5,15.4,53.2,142.6,2640,130,72.1,9.6,6.3,1.6,1.5,0.6,0.3,0,0,0,5.7,2.3,100,1195
138,52,AQ,AQ-7X,250988.3066,907045.3877,F,F_56,-6204.3,-6209.1,MLC,MLC,2.5,15.6,48.7,157,2878,134,66.4,7.4,9.1,3,2.2,1.1,0.6,0,0,0,7.5,2.7,100,1269
139,52,AQ,AQ-7X,250988.3066,907045.3877,F,F_58,-6230.7,-6237.1,TST,TST-5,5.6,18.8,44,155.2,2881,135,71.8,7.4,6.5,1.7,1.3,0.5,0.3,0.2,0.1,0,7.2,3.1,100,1165
140,52,AQ,AQ-7X,250988.3066,907045.3877,F,F_59,-6249.6,-6253.8,MLC,MLC,2.8,19.9,32.2,157.8,2882,135,63.3,8.4,10.2,2.8,2.6,1,0.6,0,0,0,7.8,3.2,100,1288
141,52,AQ,AQ-7X,250988.3066,907045.3877,F,F_60,-6263.1,-6277.9,MDT,RDT,13.6,19.9,39.9,154.2,2884,136,73.8,7.5,5.6,1.1,1,0.3,0.2,0.2,0.1,0.1,7,3.1,100,1130
142,52,AQ,AQ-7X,250988.3066,907045.3877,F,F_61,-6280.2,-6297.8,TST,TST-4,16.4,17.6,52.6,154.3,2886,136,69,8.5,7.2,1.6,1.5,0.5,0.3,0.4,0.2,0,7.1,3.5,100,1197
143,52,AQ,AQ-7X,250988.3066,907045.3877,F,F_78,-6541.1,-6558.8,TST,TST-3,11.7,17.7,41.7,155.2,3048,143,66.9,10.1,7,1.2,1.5,0.4,0.3,0.2,0.1,0,10.4,1.9,100,1164
144,52,AQ,AQ-7X,250988.3066,907045.3877,H,H_3,-6921,-6923.6,MLC,MLC,1.7,13,41,173.7,3476,145,68.8,7.3,5.5,1.1,1.4,0.5,0.4,0,0,0,12.3,2.8,100,1079
145,52,AQ,AQ-7X,250988.3066,907045.3877,H,H_4,-6926.8,-6936.8,MDT,RDT,5.5,16.6,32.2,166.9,3331,146,68,9.6,5.5,0.9,1,0.3,0.2,0.2,0.1,0.1,11.4,2.7,100,1093
146,52,AQ,AQ-7X,250988.3066,907045.3877,H,H_55,-7645.8,-7649.6,TST,TST-1,2.4,12.5,37.3,208.3,4194,158,45.4,6.4,3.8,0.8,0.9,0.4,0.2,0.3,0.1,0,39,2.7,100,770
147,52,AQ,AQ-7X,250988.3066,907045.3877,H,H_83,-8038.2,-8060.4,MDT,HSFT,11.6,21.5,56.2,211.4,4579,165,55.9,0.8,0,0,0,0,0,0,0,0,33.2,10,100,584
148,52,AQ,AQ-8X,255830.8499,924235.6257,F,F_26,-5078.4,-5082.9,MDT,RDT-1,4.4,24.4,32,132.7,2292,105,81.5,4.6,3.7,0.9,0.6,0.2,0.1,0.1,0,0,2.3,6.1,100,1059
149,52,AQ,AQ-8X,255830.8499,924235.6257,F,F_58,-5513.3,-5518.8,MLC,MLC,5.2,21.2,23,139.2,2499,115,77.4,4.6,4.8,1.3,1.3,0.4,0.2,0,0,0,4.6,5.4,100.01,1094
150,52,AQ,AQ-8X,255830.8499,924235.6257,F,F_60,-5552.2,-5558.6,MDT,RDT-2,6.3,23.5,26.8,140.3,2521,116,77.5,5.8,4,0.9,0.7,0.3,0.1,0.1,0,0,5,5.6,100,1062
151,52,AQ,AQ-8X,255830.8499,924235.6257,F,F_65,-5611.6,-5616.1,MDT,RDT-5,4.1,23.4,32,140.2,2542,118,77.1,6,4,0.9,0.7,0.2,0.1,0.1,0,0,5.3,5.4,100,1060
152,52,AQ,AQ-8X,255830.8499,924235.6257,F,F_65.4,-5617.1,-5620.3,MLC,MLC,3,20.3,54.4,139.8,2543,119,75.8,6,4.7,1.3,1.2,0.4,0.2,0,0,0,5,5.3,100,1096
153,52,AQ,AQ-8X,255830.8499,924235.6257,F,F_68,-5657,-5658.2,MLC,MLC,0.7,17.9,57.4,140.5,2560,119,76.6,5.6,4.4,1.4,1.1,0.5,0.2,0,0,0,5,5.2,100,1092
154,52,AQ,AQ-8X,255830.8499,924235.6257,F,F_71,-5705.8,-5713.2,MDT,RDT-3,5.9,23.3,37.1,143.3,2597,120,77.4,5.7,4,1.1,0.8,0.3,0.1,0.1,0,0,5.2,5.3,100,1068
155,52,AQ,AQ-8X,255830.8499,924235.6257,F,F_84,-5881,-5952.3,MDT,RDT-5,13.6,21.3,55.2,144,2672,123,80.6,4.2,2.2,0.4,0.2,0.1,0,0,0,0,5.6,6.7,100,968
156,52,AQ,AQ-8X,255830.8499,924235.6257,H,H_71,-7067.6,-7072.4,MDT,RDT-4,4.1,19.8,51.3,169.3,3414,136,86.8,2.9,1.2,0.2,0.1,0,0,0,0,0,7.1,1.5,100,976
157,52,AQ,AQ-8X,255830.8499,924235.6257,H,H_73,-7102.6,-7105.8,MLC,MLC,2.2,23.7,53.5,168.4,3428,138,84.3,2.4,1.7,0.4,0.3,0.4,0.1,0,0,0,6.9,3.6,99.99,977
158,52,AQ,AQ-8X,255830.8499,924235.6257,H,H_77,-7153.7,-7159.5,MLC,MLC,2.6,18,68.1,168.7,3465,140,84.9,2.2,1.3,0.3,0.2,0.4,0.2,0,0,0,7,3.5,100,969
159,52,AQ,AQ-8X,255830.8499,924235.6257,I,I_23,-7995.1,-7999.3,MDT,HSFT-2,4.1,17,41.9,183,3917,148,86.9,0.5,0,0,0,0,0,0,0,0,3.7,8.9,100,888
160,52,AQ,AQ-8X,255830.8499,924235.6257,I,I_45,-8489.8,-8500.4,MLC,MLC,8.8,12,36.7,186.7,4126,155,85.7,3,0.4,0.1,0.1,0.1,0,0,0,0,8.2,2.4,100,940
161,52,AQ,AQ-8X,255830.8499,924235.6257,I,I_51,-8622.5,-8630.9,MDT,HSFT-3,6.5,15,26.8,186.7,4138,156,85.9,2.2,0.1,0,0,0,0,0,0,0,8.7,3,100,911
162,52,AQ,AQ-9X,261583.4159,897897.5222,F,F_40,-5920.5,-5926.4,MLC,MLC,5.5,14.2,65.2,154.3,2881,130,75.5,5.2,6.6,2.1,1.6,0.5,0.5,0,0,0,5.8,2.3,99.99,1176
163,52,AQ,AQ-9X,261583.4159,897897.5222,F,F_57,-6162.7,-6170.7,MLC,MLC,7.6,17.4,55.2,161.8,3130,137,73.9,6.2,6,1.4,1.7,0.5,0.4,0,0,0,7.2,2.7,99.99,1144
164,52,AQ,AQ-9X,261583.4159,897897.5222,F,F_74,-6411.3,-6414.2,MLC,MLC,2.6,13.3,56.4,162.6,3175,140,68.3,11,6.9,0.8,0.7,0.1,0.1,0,0,0,9.5,2.5,100,1118
165,52,AQ,AQ-9X,261583.4159,897897.5222,F,F_83.7,-6562.5,-6566.2,MLC,MLC,3.3,16.6,57.9,166.8,3286,142,70.6,7.3,5,1.2,1.7,0.6,0.3,0,0,0,11.1,2.3,100.01,1096
166,52,AQ,AQ-9X,261583.4159,897897.5222,F,F_84,-6570.2,-6575.4,MLC,MLC,4.8,23.1,44.4,166.8,3287,142,70.6,7.3,5,1.2,1.7,0.6,0.3,0,0,0,11.2,2.3,100.01,1096
167,52,AQ,AQ-9X,261583.4159,897897.5222,F,F_100,-6791.2,-6796,MLC,MLC,4.5,16.2,61.5,173.7,3486,145,71.6,4.5,5.5,1.3,1.9,0.6,0.3,0,0,0,11.8,2.6,100,1079
168,52,AQ,AQ-9X,261583.4159,897897.5222,H,H_33,-7224.8,-7234.5,MLC,MLC,9.4,19.7,49.1,200.4,4311,154,70.8,3.7,5.8,1.3,1.8,0.4,0.2,0,0,0,12.5,3.7,99.99,1047
169,52,AQ,AQ-9X,261583.4159,897897.5222,H,H_52,-7478.1,-7481.9,MLC,MLC,3.4,12.7,56.2,188.7,4060,157,68.3,7,4.9,1,1.2,0.3,0.2,0,0,0,12.7,4.4,100.01,1030
170,52,AQ,AQ-9X,261583.4159,897897.5222,H,H_60,-7577.7,-7582.2,MLC,MLC,4.2,17.4,38.4,197,4395,162,70.7,6.3,2.5,0.5,1.5,0.6,0.5,0,0,0,12.7,4.7,100,994
171,52,AQ,AQ-9X,261583.4159,897897.5222,H,H_65,-7655.5,-7699.7,MDT,HSFT-1,32.8,16.7,58.8,196.2,4413,162,76.1,3.2,1.8,0.3,0.2,0,0,0,0,0,12.5,5.8,100,889
172,52,AQ,AQ-9X,261583.4159,897897.5222,H,H_80,-7846.7,-7851.3,MLC,MLC,4.2,20.7,65.4,191.3,4329,165,67.7,6.1,2,1.6,0.8,0.4,0.3,0,0,0,12.2,8.9,100,949
173,52,AQ,AQ-9X,261583.4159,897897.5222,H,H_99,-8089.8,-8094.8,MLC,MLC,4.7,15.4,34.8,197.5,4572,167,63.8,4,3.9,1.1,0.9,0.3,0.1,0,0,0,12.6,13.3,99.99,894
174,52,CV,CV-1X,240803.4583,928891.7886,F,F_67,-5595.6,-5598.2,MLC,MLC,2.4,15.1,57.6,130.9,2471.9,124.7,85.1,3.6,2.5,1,0.4,0,0,0,0,0,5.3,2.2,100,1031
175,52,CV,CV-1X,240803.4583,928891.7886,F,F_88,-5887.1,-5891.9,MDT,MDT,4,21.6,42.6,143.3,2638.9,130.5,74.7,5.8,5.3,1.6,0.9,0.4,0.2,0.1,0.1,0,6.2,4.9,100,1102
176,52,CV,CV-1X,240803.4583,928891.7886,F,F_95,-5986.9,-5990.9,MLC,MLC,4,16.4,62.7,151.6,2648,131.4,70,7.7,6.4,1.5,1.4,0.8,0,0,0,0,6.4,5.8,100,1132
177,52,CV,CV-1X,240803.4583,928891.7886,H,H_1,-6069.8,-6077.2,MDT,MDT,6.1,15.6,43.3,144.4,2747.4,133.7,79.6,4.2,2.3,0.4,0.2,0.1,0,0,0,0,6.7,6.6,100,959
178,52,CV,CV-1X,240803.4583,928891.7886,H,H_42,-6502.9,-6510.1,TST,TST-5,4.4,18.4,32.6,159,3097.1,139.5,69.7,4.4,5.2,1.3,1.3,0.5,0.3,0.4,0.1,0.1,8.9,7.8,100,1061
179,52,CV,CV-1X,240803.4583,928891.7886,H,H_47,-6558.8,-6563.6,MLC,MLC,3.6,13.7,52,155.9,3123.2,140.4,73.4,4.3,3,1.2,1.3,0.6,0.1,0,0,0,9.2,7.1,100,997
180,52,CV,CV-1X,240803.4583,928891.7886,H,H_60,-6693.4,-6709.5,MLC,MLC,2.7,19.5,61.5,160.8,3237.8,141.9,73.6,1.9,3.4,1.9,1.7,1.1,0,0,0,0,9.7,6.8,100,1021
181,52,CV,CV-1X,240803.4583,928891.7886,I,I_33,-7721.1,-7733.2,MLC,MLC,3.8,14.4,64.9,183.3,3953.8,154,77.6,0.5,0.3,1.6,0.6,2.3,0,0,0,0,13,4.2,100,962
182,52,CV,CV-1X,240803.4583,928891.7886,I,I_69,-8362.8,-8371.2,MLC,MLC,4.2,12.9,61.3,192.8,4113.8,160.6,67.3,2.3,2.2,2.7,1.6,4,2.1,0,0,0,15.1,2.8,100,1159
183,52,CV,CV-1X,240803.4583,928891.7886,I,I_84,-8628.6,-8664.5,TST,TST-3,21.1,16.8,46.7,174.2,3880.4,165.9,77.7,3.3,0.4,0.2,0.1,0.1,0.1,0.1,0.1,0.1,15.8,2.2,100,882
184,52,CV,CV-1X,240803.4583,928891.7886,J,J_6,-8953.9,-9019.9,TST,TST-2,38.8,18.1,26.9,179.6,3963.8,169.2,67.5,4.3,0.9,0.4,0.2,0.2,0.1,0.2,0.1,0.1,24.6,1.4,100,835
185,52,CV,CV-1X,240803.4583,928891.7886,J,J_23,-9035,-9065.3,TST,TST-1,3.3,15,34.2,178.6,3977.3,169.5,69.8,3.3,0.4,0.1,0.1,0.1,0.1,0.1,0.1,0,24,1.8,100,802
186,52,CV,CV-1X,240803.4583,928891.7886,J,J_54,-9177.9,-9182.7,MLC,MLC,0.8,13.5,30.3,180,4034.2,171.2,69.8,3.3,0.4,0.1,0.1,0.1,0.1,0,0,0,24.2,1.6,99.7011,788
187,52,CV,CV-1X,240803.4583,928891.7886,J,J_56,-9189.9,-9199.1,MLC,MLC,1.3,13.2,30.8,182.2,4038.1,171.3,65.9,3.9,1.5,1.6,0.5,0.5,0.2,0,0,0,24.2,1.7,100,870
188,52,CV,CV-1X,240803.4583,928891.7886,J,J_76,-9284.2,-9289.3,MLC,MLC,2.5,16.9,32,181.7,4079.4,172.4,68.3,3.9,0.6,0.3,0.2,0.2,0.1,0,0,0,24.6,1.4,99.56625,800
189,52,CV,CV-1X,240803.4583,928891.7886,J,J_79,-9294.7,-9301,MLC,MLC,1.2,12.5,52.4,181.7,4083.7,172.6,68.3,3.9,0.6,0.3,0.2,0.2,0.1,0,0,0,24.6,1.4,99.56625,800
190,52,CV,CV-1X,240803.4583,928891.7886,J,J_86,-9328.7,-9395.9,MLC,MLC,5,13.9,51.3,182.9,4119.5,172.9,68.3,3.9,0.6,0.3,0.2,0.2,0.1,0,0,0,24.6,1.4,99.56625,800
191,52,CV,CV-3X,239766.0555,927641.8851,M,MMU_78,-4971.9,-4973.5,MLC,MLC,1.6,14.4,62.1,119.2,2190.1,117.3,85.1,2.8,2.6,1.8,0.5,0.5,0.1,0,0,0,2,4.7,100,1069
192,52,CV,CV-3X,239766.0555,927641.8851,M,MMU_79,-4983.5,-4987.4,MLC,MLC,3.2,20.1,36.8,118.9,2195.5,117.5,85.6,3.5,2.3,1.2,0.6,0.1,0.1,0,0,0,2.1,4.7,100,1047
193,52,CV,CV-3X,239766.0555,927641.8851,M,MMU_80,-5001.5,-5003.5,MLC,MLC,1.6,21.8,40.8,118.9,2202.2,117.8,86,2.9,2.4,1.2,0.4,0.1,0.1,0,0,0,2.2,4.6,100,1041
194,52,CV,CV-3X,239766.0555,927641.8851,M,MMU_80.3,-5007.4,-5012.7,MLC,MLC,3.6,23.8,28.4,120,2223.6,118.2,86.3,3.1,2.4,1,0.3,0.1,0.1,0,0,0,2.2,4.7,100,1034
195,52,CV,CV-3X,239766.0555,927641.8851,M,MMU_81,-5022.7,-5029.1,MLC,MLC,4.8,19.8,46,119.9,2212.9,118.2,84.9,3.3,2.8,1.2,0.5,0.2,0.1,0,0,0,2.3,4.6,100,1058
196,52,CV,CV-3X,239766.0555,927641.8851,M,MMU_82,-5032.3,-5037.5,MLC,MLC,3.6,21.6,54.3,120.3,2216.4,118.1,84.5,3.3,3,1.4,0.6,0.2,0.1,0,0,0,2.3,4.6,100,1065
197,52,CV,CV-3X,239766.0555,927641.8851,M,MMU_84,-5064.7,-5072.8,MLC,MLC,8,19.1,56,120.4,2234.6,119,82.4,3.1,2.7,1,0.4,0.3,0.1,0,0,0,3.8,6.2,100,1020
198,52,CV,CV-3X,239766.0555,927641.8851,M,MMU_88,-5134.8,-5138.4,MLC,MLC,3.2,14.6,66.1,122.4,2258.4,120,82.9,3.5,3.5,1.6,0.7,0.3,0.1,0,0,0,2.8,4.6,100,1080
199,52,CV,CV-3X,239766.0555,927641.8851,M,MMU_89,-5164.4,-5165.2,MLC,MLC,0.8,21.7,55.4,122.1,2269.9,120.5,83.9,4,2.5,0.3,1.5,0.3,0.1,0,0,0,2.9,4.5,100,1054
200,52,CV,CV-3X,239766.0555,927641.8851,F,F_4,-5420.4,-5432.4,MLC,MLC,4.3,15,53.7,129.4,2399.9,124.8,78.8,4.7,4.6,2,1,0.4,0.2,0,0,0,4,4.3,100,1116
201,52,CV,CV-3X,239766.0555,927641.8851,F,F_6,-5452.8,-5528.3,TST,TST-6,64.6,20.8,30.8,131.1,2432.1,125.7,80.8,3.8,3.5,1.2,0.6,0.3,0.1,0.1,0,0,4.6,4.9,100,1056
202,52,CV,CV-3X,239766.0555,927641.8851,F,F_21,-5731.6,-5737.5,MLC,MLC,3.5,13.7,62.8,132.2,2566.6,129.9,84.9,2.4,1.8,0.9,0.2,0.2,0.1,0,0,0,5.4,4.1,100,991
203,52,CV,CV-3X,239766.0555,927641.8851,F,F_28,-5854.8,-5859.9,MLC,MLC,3.9,14.9,64.6,139.6,2661.6,132,77.2,4.8,4.7,1.9,1.1,0.4,0.2,0,0,0,5.9,4,100,1100
204,52,CV,CV-3X,239766.0555,927641.8851,F,F_29,-5884.1,-5891.6,MLC,MLC,4.7,22.2,33.5,140.9,2685.2,132.5,76.5,4.8,5.1,2,1,0.4,0.2,0,0,0,6.1,4,100,1106
205,52,CV,CV-3X,239766.0555,927641.8851,F,F_34,-5973.2,-5986.2,TST,TST-5,11.8,19.3,22.6,145,2759.4,134,75.9,4.5,5.2,1.8,1.1,0.5,0.2,0.2,0,0,6.3,4.3,100,1110
206,52,CV,CV-3X,239766.0555,927641.8851,F,F_49,-6249.3,-6258,TST,TST-4,7.6,14.3,41.6,153.9,2985.3,138.4,72,5,6.4,2,1.2,0.5,0.3,0.2,0,0,7.5,4.8,100,1125
207,52,CV,CV-3X,239766.0555,927641.8851,F,F_59,-6424,-6429.2,MLC,MLC,3.2,13.7,54.6,182.5,3138.5,141.4,74.7,5.1,5.2,1.2,0.6,0.2,0.1,0,0,0,8.5,4.3,100,1050
208,52,CV,CV-3X,239766.0555,927641.8851,F,F_66,-6553.7,-6556.9,MLC,MLC,2.8,13.4,39.1,161,3252.3,143.6,75.7,4.3,4.9,1.1,0.9,0.1,0,0,0,0,9,4,100,1032
209,52,CV,CV-3X,239766.0555,927641.8851,F,F_68,-6590.8,-6593.2,MLC,MLC,2.4,18.3,21.6,165.9,3284.7,144.2,70.1,4.5,7.2,2.1,2.1,0.6,0.3,0,0,0,9.2,3.9,100,1140
210,52,CV,CV-3X,239766.0555,927641.8851,F,F_75,-6727.4,-6748,MDT,MDT-4,19.8,17.5,40.4,174.5,3422.3,150.4,42.9,0.7,0.1,0,0,0,0,0,0,0,47,9.2,100,450
211,52,CV,CV-3X,239766.0555,927641.8851,F,F_80,-6818.4,-6820.4,MLC,MLC,1.9,14.7,35.1,170.7,3462.1,147.9,71.5,4.5,5.6,1.7,1.8,0.7,0.5,0,0,0,10.2,3.4,100,1106
212,52,CV,CV-3X,239766.0555,927641.8851,H,H_13,-7387.9,-7395.9,MLC,MLC,6.4,14.9,27.2,193.4,3774.7,154.2,73.3,6.4,4.3,0.6,0.4,0.1,0.1,0,0,0,12.7,2.1,100,1002
213,52,CV,CV-3X,239766.0555,927641.8851,H,H_29,-7642.5,-7650,MLC,MLC,5.9,20.4,38.8,188.4,3859.4,160.8,74.1,6.3,3.4,0.4,0.4,0.1,0,0,0,0,13.8,1.5,100,974
214,52,CV,CV-3X,239766.0555,927641.8851,H,H_57,-8088.2,-8100.2,MLC,MLC,6.7,14.3,60.6,199.2,4012.4,169,69.1,9,4.1,0.3,0.5,0.1,0.1,0,0,0,15.8,1,100,992
215,52,CV,CV-4X,241492.5603,917098.3957,M,MMU_76,-5334.3,-5377.4,MDT,RDT,3.4,30.6,46.5,128,2343,118,81.7,3.8,3.3,1.1,0.6,0.3,0.1,0.1,0.1,0,4.5,4.5,100,1055
216,52,CV,CV-4X,241492.5603,917098.3957,M,MMU_87,-5577.6,-5625.1,MDT,RDT,26.9,24.4,58.3,132.1,2452,122,81.9,3.3,3.5,1.5,0.7,0.3,0.1,0.1,0.1,0,4.7,3.8,100,1071
217,52,CV,CV-4X,241492.5603,917098.3957,F,F_24,-6381.7,-6396,MDT,RDT,13.2,20.8,48.5,151.1,2890,135,74.8,5.6,5.8,1.4,1,0.3,0.2,0.2,0.1,0,6.6,3.9,100,1119
218,52,CV,CV-4X,241492.5603,917098.3957,F,F_67,-7353.6,-7357.7,MDT,RDT,3.9,14.6,55.6,185.6,3720,144,71.8,6.1,5.1,0.9,0.7,0.2,0.1,0.1,0,0,12.7,2.3,100,1030
219,52,CV,CV-4X,241492.5603,917098.3957,F,F_94,-7973.6,-7977.1,MLC,MLC,2.9,12.2,21,192,4039,155,69.2,5.6,4.6,1.4,1.7,0.6,0.6,0,0,0,15.2,1.2,100,1062
220,52,CV,CV-4X,241492.5603,917098.3957,H,H_3,-8118.6,-8121.7,MLC,MLC,3.4,12.5,39.1,200.5,4382,162,69.2,5.8,4.7,1.2,1.6,0.6,0.5,0,0,0,15.5,0.8,100.01,1057
221,52,CV,CV-4X,241492.5603,917098.3957,H,H_17,-8215.9,-8239.1,MDT,RDT,23,16.9,38.8,201.3,4428,164,66.9,8.7,5.5,1.2,1.1,0.3,0.2,0.3,0.2,0.1,15,0.6,100,1092
222,52,CV,CV-4X,241492.5603,917098.3957,H,H_37,-8354.5,-8359.4,MLC,MLC,4.4,14.7,40.1,199.8,4444,166,69.6,5,4.5,1.2,1.5,0.5,0.3,0,0,0,16.4,1.1,100.01,1021
223,52,CV,CV-4X,241492.5603,917098.3957,H,H_64,-8540.2,-8554.5,MLC,MLC,12.7,12.2,51,202.5,4550,169,67.2,4.9,4.5,1.5,1.9,0.5,0.4,0,0,0,17.3,1.8,100,1025
224,52,CV,CV-4X,241492.5603,917098.3957,H,H_67,-8557.9,-8560.6,MDT,HSFT,2.9,15.1,57.3,201.8,4565,170,64.8,9.4,3.4,2.1,0.8,0.4,0.1,0.1,0.1,0,17.4,1.4,100,1033
225,52,CV,CV-4X,241492.5603,917098.3957,H,H_76,-8621.2,-8625.1,MLC,MLC,3.9,13.7,53.7,200.5,4557,171,66.4,7.7,4.8,0.7,0.5,0.3,0.2,0,0,0,17.6,1.8,100,987
226,52,CV,CV-4X,241492.5603,917098.3957,H,H_78,-8635.4,-8642.6,MLC,MLC,5.8,12,59.9,201.3,4572,171,68.6,5.1,2.4,1.9,1.9,0.5,0.2,0,0,0,17.6,1.8,100,995
227,52,CV,CV-4X,241492.5603,917098.3957,I,I_1,-8795.8,-8799.9,MLC,MLC,2.9,15.4,21.5,215.2,5071,175,67,7,4,1,0.9,0.2,0.2,0,0,0,18,1.7,100,980
228,52,CV,CV-4X,241492.5603,917098.3957,I,I_9,-8890.6,-8913.6,MDT,HSFT,17.3,13.9,62.4,196.8,4558,177,67.2,7.9,3.2,0.5,0.6,0.2,0.1,0.1,0.1,0,18.5,1.5,100,961
229,52,CV,CV-4X,241492.5603,917098.3957,I,I_14,-8949.1,-8951.2,MLC,MLC,2.4,15.7,49.8,196.9,4585,178,69.4,4.6,4,1,0.4,0.4,0.3,0,0,0,18.2,1.7,100,956
230,52,CV,CV-4X,241492.5603,917098.3957,I,I_61,-9508.3,-9526.1,MDT,HSFT,14.8,16.6,44.2,199.9,4836,184,74.8,2.4,0.6,0.3,0.3,0.2,0.2,0.3,0.3,0.1,18.5,2,100,886
231,52,CV,CV-5X,241384.88,933877.77,F,F_16,-4787.6,0,MDT,RDT,27,25.8,31.1,119,2117,224,84,2.9,3.4,1.5,0.8,0.4,0.2,0.2,0.1,0,2.2,4.4,100,1095
232,52,CV,CV-5X,241384.88,933877.77,F,F_58,-5317.2,0,MDT,RDT,21.5,24.1,36.9,130.2,2381,121,77.1,6.2,4.4,1,0.8,0.2,0.1,0.1,0,0,4.4,5.5,100,1082
233,52,CV,CV-5X,241384.88,933877.77,F,F_67,-5440,0,MLC,MLC,4.4,21.6,28.5,132,2455,124,79,5.1,3.6,0.9,0.9,0.2,0.2,0,0,0,4.6,5.4,100,1058
234,52,CV,CV-5X,241384.88,933877.77,F,F_78,-5581.4,0,MDT,RDT,21.5,22.3,29.8,140.7,2535,253,74.5,7.3,5,1.1,1,0.3,0.2,0.2,0.1,0,5,5.4,100,1110
235,52,CV,CV-5X,241384.88,933877.77,F,F_99,-5837.6,0,MLC,MLC,2.2,22.1,40.5,137.6,2586,263,74.7,4.7,4.8,1.9,1.2,0.4,0.1,0,0,0,5.9,6.2,100,1081
236,52,CV,CV-5X,241384.88,933877.77,H,H_10,-5978.7,0,MDT,RDT,6.6,21.1,50.5,142.5,1780,264,78,5.5,3.8,1,0.6,0.2,0.1,0.1,0,0,5,5.6,100,1055
237,52,CV,CV-5X,241384.88,933877.77,H,H_19,-6086,0,MDT,RDT,4.4,21.6,39.7,147.9,2749,136,76.2,6.2,5.3,1.5,1,0.4,0.2,0.2,0.1,0.2,4.7,3.9,100,1147
238,52,CV,CV-5X,241384.88,933877.77,H,H_50,-6459.8,0,MDT,RDT,10.6,22.9,45.2,150.8,2968,140,74.3,3.5,3.2,0.8,0.5,0.2,0.1,0.1,0,0,8.4,8.9,100,957
239,52,CV,CV-5X,241384.88,933877.77,I,I_98,-9054.2,0,MLC,MLC,12.8,18.8,27.7,181.1,2940,329,68.7,3.7,1.1,0.3,0,0.2,0.1,0,0,0,24.6,1.4,100,806
240,52,CV,CV-5X,241384.88,933877.77,J,J_1,-9102,-9170.5,MLC,MLC,50.8,17.9,24.4,180.7,3977,335,68.2,3.7,1.5,0.4,0,0.1,0,0,0,0,24.5,1.5,100,813
241,52,CV,CV-5X,241384.88,933877.77,J,J_11,-9194.9,-9203.3,MLC,MLC,4.4,18.5,33,179.5,3982,337,69.5,3.2,1.1,0.3,0,0.2,0,0,0,0,24.2,1.6,100,802
242,52,VD,VD-1X,234041.8396,939421.1579,F,F_82,-5656.3,-5664.4,MLC,MLC,7.4,24.8,45.5,134.2,2547,127,76.7,4.5,4.1,1.3,0.8,0.2,0.1,,,,5.4,7,100,1037
243,52,VD,VD-1X,234041.8396,939421.1579,F,F_85,-5695.5,-5750.2,MDT,HSFT-2,53,24.2,26.7,136.4,2573,128,80,2.7,2.1,0.6,0.3,0.1,0.1,0.1,0.1,0,5.6,8.2,100,941
244,52,VD,VD-1X,234041.8396,939421.1579,H,H_16,-6069,-6076.4,MLC,MLC,6.3,18.3,37,148.1,2899,136,76.2,4.4,4.3,1.4,1,0.3,0.2,,,,6.7,5.5,100,1054
245,52,VD,VD-1X,234041.8396,939421.1579,H,H_17,-6078,-6080.6,MLC,MLC,2,20.7,30.6,147.1,2899,136,78.7,3.1,3.7,1.2,0.8,0.3,0.1,,,,6.7,5.4,100.01,1024
246,52,VD,VD-1X,234041.8396,939421.1579,H,H_21,-6115.6,-6130.7,MLC,MLC,10.3,17.3,63.4,148.8,2952,137,79.7,2.7,3.3,1.2,0.8,0.3,0.1,,,,6.7,5.3,100,1015
247,52,VD,VD-1X,234041.8396,939421.1579,H,H_37.5,-6293.7,-6345.7,MDT,HSFT-1,51.1,21.5,24.6,162.2,3147,140,72.3,8.2,7.2,1.2,1.1,0.2,0.1,0.1,0,0,8.1,1.3,100,1152
248,52,VD,VD-1X,234041.8396,939421.1579,H,H_46,-6378.5,-6381.4,MLC,MLC,2.4,20.5,41.9,160,3150,143,67.8,9.7,8.3,1.3,1,0.2,0.1,,,,7.7,3.9,99.99,1151
249,52,VD,VD-1X,234041.8396,939421.1579,H,H_67.5,-6608.3,-6614.1,MLC,MLC,3.5,14.9,42.4,155.6,3181,144,79.5,5.4,2.7,0.4,0.3,0.1,0,,,,8.6,3.2,100.01,989
250,52,TH,TH-2X,269405.6776,886832.6214,M,MMU_1,-3818.5,-3824.9,MLC,MLC,6,29.7,61.3,96.4,1698,102,90.3,2.7,1.9,0.8,0.3,0.1,0.1,,,,1.5,2.3,100,1050
251,52,TH,TH-2X,269405.6776,886832.6214,M,MMU_72,-5056.8,-5060,MLC,MLC,2.7,20.4,62,120.1,2233,120,83.4,4.9,1.9,0.6,0.2,0,0,,,,7.2,1.9,100,1002
252,52,TH,TH-2X,269405.6776,886832.6214,F,F_39,-6166.3,-6176.6,MLC,MLC,9.9,19,46.5,157.2,3095,136,76.6,6.8,2.1,0.2,0.2,0,0,,,,12.6,1.4,100,962
253,52,TH,TH-2X,269405.6776,886832.6214,F,F_62,-6527.1,-6533.1,MLC,MLC,5.7,19.8,58.5,179.7,3642,142,74.4,5.7,3.3,0.5,0.4,0.1,0,,,,14.3,1.3,100,968
254,52,TH,TH-2X,269405.6776,886832.6214,F,F_64,-6569.1,-6571,MLC,MLC,1.5,19.8,60,186.6,3807,142,73.5,7.3,2.7,0.3,0.4,0.1,0,,,,14.5,1.3,100.01,964
255,52,TH,TH-2X,269405.6776,886832.6214,F,F_68,-6631.5,-6638.5,MLC,MLC,6.6,29.5,27.9,184.7,3801,143,74.5,8,1.3,0,0.1,0,0,,,,14.8,1.2,99.99,931
256,52,TH,TH-2X,269405.6776,886832.6214,H,H_25,-7438.7,-7444.1,MLC,MLC,5,16.6,59,220.6,4894,155,71.6,5.2,2.8,0.5,0.4,0.1,0,,,,18.6,0.9,99.99,916
257,52,TH,TH-2X,269405.6776,886832.6214,H,H_78,-8077.7,-8083.5,MLC,MLC,5.3,13.8,57.8,225.6,5202,164,70.2,5.2,1.9,0.2,0.2,0,0,,,,21.7,0.7,100.01,862
258,52,TH,TH-2X,269405.6776,886832.6214,H,H_86,-8173.5,-8178.9,MLC,MLC,5,15.5,57.8,224.4,5201,166,70.4,4.7,1.8,0.2,0.2,0,0,,,,22.1,0.6,100.01,851
259,52,TH,TH-2X,269405.6776,886832.6214,H,H_91,-8232.6,-8233.8,MLC,MLC,0.8,26.7,35.2,227.8,5308,167,68.9,5.3,2.2,0.2,0.3,0,0,,,,22.4,0.6,100,865
260,52,TH,TH-2X,269405.6776,886832.6214,H,H_98,-8315.7,-8318.4,MLC,MLC,2.2,14,62.8,221,5137,168,70.9,4,1.4,0.2,0.2,0,0,,,,22.8,0.6,100,834
261,52,TH,TH-2X,269405.6776,886832.6214,I,I_4,-8481.8,-8486.7,MLC,MLC,4.6,14.6,57.9,222.9,5233,170,71.3,3.5,0.9,0.1,0.1,0,0,,,,23.6,0.5,99.99,814
262,52,TH,TH-2X,269405.6776,886832.6214,I,I_7,-8578.2,-8586.5,MLC,MLC,4.9,12.7,58.3,226,5345,171,70.9,3.5,0.9,0.1,0.1,0,0,,,,24,0.5,100,808
263,52,CV,CV-5X,241384.88,933877.77,J,J_78,-10067.7,-10083.5,MLC,MLC,2.8,16.1,57.7,190.9,4200.4,177.1,55.9,9.5,4.5,2,1.9,1.3,0.6,0,0,0,22.2,2.3,100,1044
