Lat,Long,WellName,Tdepth,Test,Source,C1,C2,C3,iC4,nC4,iC5,nC5,C6,C7,C8+,CO2,N2,H2S,SG,GHV,Total
258459.2242,915514.6834,AQ-3X,"-3,023.6",TST-1,Isotech,45.78,0.36,0.03,0.01,0.01,0.01,0.00,0.08,,,52.16,1.49,,,,99.93
258459.2242,915514.6834,AQ-3X,"-3,023.6",TST-1,VPI,46.59,0.38,0.02,0.01,0.01,0.01,0.01,0.03,0.00,0.00,51.66,1.28,,,484.0,100.00
258459.2242,915514.6834,AQ-3X,"-2,996.6",TST-2,VPI,47.11,0.30,0.02,0.01,0.00,0.01,0.01,0.03,0.01,0.00,51.61,0.89,,,487.0,100.00
258459.2242,915514.6834,AQ-3X,"-2,996.6",TST-2,Isotech,45.98,0.28,0.02,0.01,0.00,0.00,0.00,0.05,,,52.50,1.15,,,,100.00
258459.2242,915514.6834,AQ-3X,"-2,950.0",TST-3,VPI,55.07,0.59,0.04,0.02,0.01,0.02,0.01,0.07,0.03,0.01,42.78,1.35,,,579.0,99.99
258459.2242,915514.6834,AQ-3X,"-2,950.0",TST-3,Isotech,55.18,0.56,0.05,0.02,0.01,0.01,0.01,0.08,,,42.80,1.27,,,,99.99
258459.2242,915514.6834,AQ-3X,"-2,844.5",TST-4,VPI,79.59,0.23,0.03,0.07,0.03,0.00,0.01,0.02,0.01,0.00,18.29,1.72,,,,100.00
258459.2242,915514.6834,AQ-3X,"-2,844.5",TST-4,Isotech,79.11,0.23,0.00,0.00,0.00,0.00,0.00,0.03,,,18.31,2.15,,,820.0,99.83
258459.2242,915514.6834,AQ-3X,"-2,779.0",TST-5,VPI,81.82,1.97,0.13,0.02,0.03,0.02,0.03,0.09,0.04,0.01,14.38,1.46,,,879.0,100.00
258459.2242,915514.6834,AQ-3X,"-2,779.0",TST-5,VPI,82.44,2.01,0.13,0.02,0.03,0.02,0.03,0.06,0.02,0.00,13.86,1.39,,,883.0,100.00
258459.2242,915514.6834,AQ-3X,"-2,779.0",TST-5,Isotech,81.91,1.94,0.15,0.02,0.04,0.01,0.02,0.08,,,14.41,1.41,,,,99.99
258459.2242,915514.6834,AQ-3X,"-2,132.2",TST-7,VPI,72.86,4.61,5.45,1.40,1.46,0.59,0.39,0.49,0.20,0.03,8.29,4.23,,,1130.0,100.00
258459.2242,915514.6834,AQ-3X,"-2,132.2",TST-7,VPI,71.77,4.55,5.56,1.46,1.57,0.66,0.46,0.73,0.31,0.05,8.47,4.41,,,1150.0,100.00
258459.2242,915514.6834,AQ-3X,"-2,132.2",TST-7,Isotech,71.97,4.53,5.83,1.41,1.53,0.58,0.45,0.93,,,8.45,4.31,,,,99.99
253490.8935,917318.7564,AQ-4X,"-1,652.9",MDT-1,VPI,76.13,8.71,5.32,1.04,0.99,0.30,0.21,0.34,0.27,0.12,3.94,2.62,,,1189.0,99.99
253490.8935,917318.7564,AQ-4X,"-1,921.5",MDT-3,VPI,52.91,5.98,3.82,0.67,0.79,0.23,0.17,0.30,0.29,0.12,30.95,3.77,,,843.0,100.00
253490.8935,917318.7564,AQ-4X,"-2,074.7",MDT-4,VPI,71.81,4.99,3.46,0.67,0.58,0.16,0.10,0.09,0.06,0.01,11.13,6.94,,,965.0,100.00
253490.8935,917318.7564,AQ-4X,"-2,269.5",TST-1,SKL Lab,75.87,2.94,1.38,0.29,0.24,0.08,0.07,0.07,0.14,0.06,10.19,8.67,0.04,,879.8,100.00
253490.8935,917318.7564,AQ-4X,"-2,269.5",TST-1,Isotech,74.93,2.58,1.22,0.27,0.24,0.08,0.07,0.29,0.00,0.00,9.81,10.20,,,861.1,99.69
253490.8935,917318.7564,AQ-4X,"-2,269.5",TST-1,VPI,74.60,2.78,1.35,0.28,0.25,0.08,0.07,0.22,0.09,0.02,10.14,10.12,,0.7390,877.3,100.00
253490.8935,917318.7564,AQ-4X,"-2,074.1",TST-2,SKL Lab,67.47,5.72,4.98,1.27,1.30,0.60,0.47,0.56,0.52,0.20,10.89,6.02,0.00,,1089.6,100.00
253490.8935,917318.7564,AQ-4X,"-2,074.1",TST-2,Isotech,68.33,5.37,4.53,1.02,1.02,0.37,0.26,0.40,0.00,0.00,10.93,7.48,,,1000.7,99.71
253490.8935,917318.7564,AQ-4X,"-2,074.1",TST-2,VPI,67.89,5.57,4.76,1.11,1.08,0.38,0.27,0.34,0.11,0.01,11.31,7.17,,0.8215,1025.8,100.00
253490.8935,917318.7564,AQ-4X,"-1,811.7",TST-3,SKL Lab,68.26,7.76,7.25,2.10,1.76,0.70,0.41,0.36,0.20,0.24,7.44,3.52,0.22,,1209.0,100.00
253490.8935,917318.7564,AQ-4X,"-1,811.7",TST-3,Isotech,70.68,7.39,6.34,1.63,1.40,0.54,0.32,0.38,0.00,0.00,7.44,3.87,,,1142.2,99.99
253490.8935,917318.7564,AQ-4X,"-1,811.7",TST-3,VPI,70.04,7.45,6.50,1.76,1.47,0.57,0.33,0.36,0.09,0.00,7.72,3.71,,0.8181,1169.0,100.00
253490.8935,917318.7564,AQ-4X,"-1,674.5",TST-4,SKL Lab,72.33,9.48,6.83,1.65,1.69,0.64,0.46,0.39,0.20,0.06,3.92,2.35,0.20,,1242.3,100.00
253490.8935,917318.7564,AQ-4X,"-1,674.5",TST-4,Isotech,73.42,9.45,6.60,1.43,1.50,0.51,0.35,0.41,0.00,0.00,3.85,2.47,,,1210.4,99.99
253490.8935,917318.7564,AQ-4X,"-1,674.5",TST-4,VPI,72.74,9.38,7.01,1.54,1.58,0.53,0.36,0.38,0.10,0.00,4.01,2.37,,0.7900,1241.4,100.00
255898.846,925661.1167,AQ-5X,"-1,615.7",MDT,Isotech,82.30,4.08,3.50,0.96,0.59,0.19,0.09,0.08,0.00,0.00,3.12,5.07,,,1044.0,99.98
255898.846,925661.1167,AQ-5X,"-1,685.7",MDT,Isotech,81.38,3.80,3.34,1.04,0.56,0.24,0.11,0.14,0.00,0.00,3.95,5.43,,,1033.0,99.99
255898.846,925661.1167,AQ-5X,"-1,796.2",MDT,Isotech,82.35,3.60,3.04,0.97,0.59,0.23,0.12,0.12,0.00,0.00,4.23,4.73,,,1029.6,99.98
255898.846,925661.1167,AQ-5X,"-1,845.5",MDT,Isotech,85.37,3.41,1.75,0.59,0.26,0.10,0.04,0.04,0.00,0.00,4.34,4.07,,,989.3,99.97
255898.846,925661.1167,AQ-5X,"-2,875.8",SRFT-1,SKL Lab,55.14,1.41,0.16,0.07,0.04,0.04,0.03,0.05,0.07,0.02,41.46,1.51,0.10,,592.6,100.00
255898.846,925661.1167,AQ-5X,"-2,875.8",SRFT-1,Isotech,54.20,1.11,0.14,0.06,0.04,0.03,0.02,0.13,0.00,0.00,42.74,1.53,,,575.1,99.99
255898.846,925661.1167,AQ-5X,"-2,875.8",SRFT-1A,SKL Lab,55.08,1.40,0.15,0.06,0.03,0.04,0.01,0.04,0.07,0.03,41.60,1.49,0.30,,590.3,100.00
255898.846,925661.1167,AQ-5X,"-2,734.6",SRFT-2,SKL Lab,78.28,3.12,0.39,0.10,0.08,0.04,0.04,0.07,0.07,0.01,16.17,1.63,0.10,,861.5,100.00
255898.846,925661.1167,AQ-5X,"-2,734.6",SRFT-2,SKL Lab,78.36,3.09,0.39,0.10,0.08,0.05,0.03,0.06,0.07,0.03,16.07,1.67,0.00,,862.6,100.00
255898.846,925661.1167,AQ-5X,"-2,734.6",SRFT-2,Isotech,78.82,2.73,0.34,0.09,0.08,0.04,0.03,0.11,0.00,0.00,15.98,1.75,,,855.8,99.96
251557.6881,926101.8909,AQ-6X,"-1,827.7",RDT,VPI,66.58,8.46,3.82,0.52,0.50,0.11,0.08,0.06,0.02,0.00,16.50,3.35,,0.8250,965.0,100.00
251557.6881,926101.8909,AQ-6X,"-1,827.7",RDT,SKL Lab,66.98,8.32,3.94,0.53,0.50,0.10,0.06,0.04,0.01,0.00,15.98,3.54,,0.8229,954.0,100.00
251557.6881,926101.8909,AQ-6X,"-1,827.7",RDT,Isotech,66.80,8.14,3.75,0.51,0.47,0.09,0.05,0.04,0.00,0.00,16.68,3.45,,,953.0,99.98
251557.6881,926101.8909,AQ-6X,"-1,893.6",RDT,VPI,66.31,7.13,4.18,0.77,0.86,0.33,0.21,0.20,0.08,0.01,15.31,4.62,,0.8370,992.0,99.99
251557.6881,926101.8909,AQ-6X,"-1,893.6",RDT,SKL Lab,66.07,6.91,4.25,0.79,0.89,0.27,0.20,0.21,0.12,0.04,15.26,4.99,,0.8425,978.0,100.00
251557.6881,926101.8909,AQ-6X,"-2,069.6",RDT,VPI,80.02,4.23,2.64,1.06,0.37,0.19,0.06,0.08,0.04,0.00,6.10,5.22,,0.7090,1014.0,100.01
251557.6881,926101.8909,AQ-6X,"-2,069.6",RDT,SKL Lab,78.75,4.11,2.74,1.05,0.39,0.19,0.07,0.09,0.04,0.01,7.28,5.28,,0.7238,989.0,100.00
251557.6881,926101.8909,AQ-6X,"-2,069.6",RDT,Isotech,80.09,3.94,2.61,1.05,0.38,0.17,0.06,0.08,0.00,0.00,6.15,5.47,,,1003.8,100.00
251557.6881,926101.8909,AQ-6X,"-2,301.1",RDT,VPI,78.32,4.35,2.50,0.65,0.41,0.21,0.12,0.15,0.08,0.03,8.57,4.61,,0.7300,993.0,100.00
251557.6881,926101.8909,AQ-6X,"-2,301.1",RDT,SKL Lab,76.64,4.17,2.60,0.66,0.43,0.16,0.11,0.15,0.09,0.03,10.25,4.71,,0.7479,962.0,100.00
250988.3066,907045.3877,AQ-7X,"-2,503.3",HSFT,SKL Lab,56.01,1.07,0.06,0.00,0.00,0.00,0.00,0.00,0.00,0.00,39.84,3.02,,0.9594,589.3,100.00
250988.3066,907045.3877,AQ-7X,"-2,503.3",HSFT,VPI,74.17,0.59,0.02,0.01,0.01,0.02,0.02,0.05,0.06,0.08,12.50,12.49,,0.7360,773.0,100.01
250988.3066,907045.3877,AQ-7X,"-2,503.3",HSFT,Isotech,36.45,0.66,0.04,0.01,0.01,0.00,0.00,0.03,0.00,0.00,46.09,14.04,,,,97.33
250988.3066,907045.3877,AQ-7X,"-1,939.5",RDT,SKL Lab,73.29,6.99,5.75,1.36,1.03,0.33,0.18,0.14,0.10,0.03,7.56,3.24,,0.7841,1108.0,100.00
250988.3066,907045.3877,AQ-7X,"-1,939.5",RDT,VPI,74.45,7.22,5.63,1.32,0.99,0.31,0.16,0.19,0.12,0.02,6.39,3.19,,0.7700,1135.0,100.00
250988.3066,907045.3877,AQ-7X,"-1,952.3",RDT,SKL Lab,73.20,7.35,5.62,1.10,0.96,0.27,0.17,0.14,0.09,0.05,7.81,3.24,,0.7812,1097.0,100.00
250988.3066,907045.3877,AQ-7X,"-1,952.3",RDT,VPI,74.30,7.73,5.57,1.12,1.00,0.35,0.21,0.34,0.19,0.07,6.21,2.92,,0.7740,1151.0,100.00
250988.3066,907045.3877,AQ-7X,"-1,956.6",RDT,SKL Lab,72.14,7.53,6.11,1.27,1.15,0.35,0.21,0.15,0.10,0.05,7.79,3.15,,0.7945,1119.0,100.00
250988.3066,907045.3877,AQ-7X,"-1,956.6",RDT,VPI,74.38,7.94,5.64,1.08,0.94,0.27,0.15,0.19,0.11,0.04,6.44,2.83,,0.7670,1136.0,100.01
250988.3066,907045.3877,AQ-7X,"-2,037.6",RDT,SKL Lab,69.30,9.07,5.62,0.88,1.05,0.27,0.20,0.13,0.13,0.03,11.09,2.23,,0.8163,1086.0,100.00
250988.3066,907045.3877,AQ-7X,"-2,037.6",RDT,VPI,71.57,9.64,5.46,0.85,0.99,0.26,0.16,0.19,0.10,0.03,8.87,1.89,,0.7900,1126.0,100.00
250988.3066,907045.3877,AQ-7X,"-2,050.2",RDT,SKL Lab,75.44,9.32,4.84,0.89,0.86,0.24,0.16,0.13,0.08,0.04,5.72,2.28,,0.7528,1121.0,100.00
250988.3066,907045.3877,AQ-7X,"-2,050.2",RDT,VPI,75.86,9.85,4.68,0.90,0.89,0.29,0.18,0.36,0.45,0.26,4.30,1.96,,0.7610,1196.0,99.99
250988.3066,907045.3877,AQ-7X,"-2,156.9",RDT,SKL Lab,67.16,9.42,5.58,0.93,1.07,0.28,0.20,0.15,0.11,0.06,12.28,2.76,,0.8335,1074.0,100.00
250988.3066,907045.3877,AQ-7X,"-2,156.9",RDT,VPI,68.97,10.03,5.48,0.91,1.05,0.28,0.22,0.21,0.16,0.16,9.89,2.65,,0.8150,1127.0,99.99
250988.3066,907045.3877,AQ-7X,"-2,156.9",RDT,Isotech,67.93,9.41,5.36,0.88,0.97,0.22,0.15,0.14,0.00,0.00,12.14,2.80,,,,100.00
250988.3066,907045.3877,AQ-7X,"-2,378.6",TST-1,VPI,58.71,8.58,5.33,1.12,1.24,0.63,0.33,0.35,0.09,0.02,21.17,2.43,,0.9258,1018.8,100.00
250988.3066,907045.3877,AQ-7X,"-2,378.6",TST-1,SKL Lab,39.40,5.53,3.11,0.63,0.79,0.29,0.22,0.21,0.23,0.11,46.63,2.84,60,1.1235,664.0,99.99
250988.3066,907045.3877,AQ-7X,"-2,378.6",TST-1,Isotech,37.95,5.07,2.90,0.60,0.73,0.25,0.19,0.31,0.00,0.00,49.09,2.89,,,,99.98
250988.3066,907045.3877,AQ-7X,"-2,035.4",TST-3,VPI,65.16,11.11,8.04,1.45,1.91,0.54,0.35,0.33,0.20,0.04,9.42,1.46,,0.8631,1234.4,100.00
250988.3066,907045.3877,AQ-7X,"-2,035.4",TST-3,SKL Lab,63.56,10.41,8.08,1.48,1.92,0.54,0.39,0.26,0.17,0.06,11.30,1.83,16,0.8834,1190.0,100.00
250988.3066,907045.3877,AQ-7X,"-2,035.4",TST-3,Isotech,64.97,10.51,7.75,1.30,1.56,0.36,0.24,0.17,0.00,0.00,11.27,1.86,,,,100.00
250988.3066,907045.3877,AQ-7X,"-1,954.2",TST-4,VPI,66.50,10.58,8.18,1.93,1.90,0.82,0.55,0.93,0.28,0.02,6.27,2.03,,0.8659,1308.9,100.00
250988.3066,907045.3877,AQ-7X,"-1,954.8",TST-4,SKL Lab,65.38,8.15,8.13,1.98,1.96,0.69,0.46,0.37,0.26,0.08,7.64,4.90,20,0.8682,1207.0,100.00
250988.3066,907045.3877,AQ-7X,"-1,954.8",TST-4,Isotech,66.37,8.17,8.04,1.85,1.75,0.57,0.35,0.34,0.00,0.00,7.50,4.59,,,,99.52
250988.3066,907045.3877,AQ-7X,"-1,937.8",TST-5,VPI,69.14,8.40,8.10,2.28,1.88,0.75,0.38,0.35,0.17,0.00,6.31,2.25,,0.8384,1261.0,100.00
250988.3066,907045.3877,AQ-7X,"-1,937.8",TST-5,VPI,66.31,10.87,8.29,2.32,1.93,0.74,0.40,0.59,0.51,0.07,6.11,1.85,,0.8678,1318.8,100.00
250988.3066,907045.3877,AQ-7X,"-1,938.7",TST-5,SKL Lab,67.67,7.86,8.14,2.30,1.91,0.72,0.43,0.32,0.23,0.03,7.61,2.78,20,0.8580,1227.0,100.00
255830.8499,924235.6257,AQ-8X,"-1,580.7",RDT-1,VPI,83.21,4.35,3.09,0.63,0.31,0.07,0.03,0.01,0.00,0.00,2.19,6.12,,0.6671,"1,032.4",100.00
255830.8499,924235.6257,AQ-8X,"-1,580.7",RDT-1,SKL Lab,80.40,4.81,4.12,1.06,0.72,0.22,0.12,0.07,0.03,0.00,2.43,6.02,,0.7021,"1,064.0",100.00
255830.8499,924235.6257,AQ-8X,"-1,580.7",RDT-1,Isotech,80.84,4.62,3.80,0.99,0.66,0.22,0.12,0.16,,,2.28,6.27,,0.6960,"1,074.0",99.96
255830.8499,924235.6257,AQ-8X,"-1,728.1",RDT-2,VPI,77.84,5.85,4.05,0.92,0.67,0.24,0.11,0.08,0.02,0.00,4.76,5.46,,0.7222,"1,064.7",100.00
255830.8499,924235.6257,AQ-8X,"-1,728.1",RDT-2,SKL Lab,77.17,5.82,3.88,0.91,0.75,0.26,0.16,0.12,0.07,0.01,5.17,5.68,,0.7324,"1,048.1",100.00
255830.8499,924235.6257,AQ-8X,"-1,746.7",RDT-5,VPI,77.38,6.04,4.14,0.96,0.69,0.25,0.12,0.06,0.02,0.00,5.03,5.32,,0.7268,"1,067.3",100.00
255830.8499,924235.6257,AQ-8X,"-1,746.7",RDT-6,SKL Lab,76.89,6.02,3.93,0.89,0.72,0.24,0.14,0.09,0.01,0.00,5.49,5.58,,0.7323,"1,041.5",100.00
255830.8499,924235.6257,AQ-8X,"-1,775.9",RDT-3,VPI,77.85,5.78,4.11,1.02,0.66,0.25,0.11,0.10,0.04,0.01,5.00,5.09,,0.7259,"1,070.5",100.00
255830.8499,924235.6257,AQ-8X,"-1,775.9",RDT-3,SKL Lab,77.04,5.74,4.06,1.06,0.79,0.28,0.16,0.11,0.05,0.01,5.43,5.27,,0.7370,"1,055.3",100.00
255830.8499,924235.6257,AQ-8X,"-1,775.9",RDT-3,Isotech,77.18,5.65,3.98,1.09,0.81,0.29,0.17,0.19,,,5.12,5.50,,0.7330,"1,074.0",99.97
255830.8499,924235.6257,AQ-8X,"-1,830.8",RDT-5,SKL Lab,80.28,4.08,2.15,0.38,0.24,0.07,0.04,0.01,0.01,0.00,5.69,7.05,,0.6916,950.5,100.00
255830.8499,924235.6257,AQ-8X,"-1,830.8",RDT-6,VPI,80.95,4.32,2.29,0.38,0.19,0.04,0.02,0.01,0.01,0.00,5.52,6.28,,0.6861,975.4,100.00
255830.8499,924235.6257,AQ-8X,"-2,199.6",RDT-4,VPI,86.96,2.94,1.35,0.27,0.13,0.03,0.02,0.03,0.02,0.01,6.78,1.46,,0.6611,984.5,100.00
255830.8499,924235.6257,AQ-8X,"-2,199.6",RDT-4,SKL Lab,86.55,2.93,1.13,0.20,0.13,0.03,0.03,0.03,0.00,0.00,7.38,1.59,,0.6649,956.6,100.00
255830.8499,924235.6257,AQ-8X,"-2,488.5",HSFT-2,SKL Lab,89.72,0.42,0.02,0.00,0.00,0.00,0.00,0.00,0.00,0.00,3.46,6.37,,,,100.00
255830.8499,924235.6257,AQ-8X,"-2,488.5",HSFT-2,Isotech,83.25,0.55,0.04,0.01,0.01,0.00,0.00,0.04,0.00,0.00,3.90,11.23,,0.6470,858.0,99.03
255830.8499,924235.6257,AQ-8X,"-2,684.4",HSFT-3,SKL Lab,85.58,2.32,0.14,0.00,0.00,0.00,0.00,0.00,0.00,0.00,8.95,3.01,,0.6666,897.2,100.00
255830.8499,924235.6257,AQ-8X,"-2,684.4",HSFT-3,Isotech,86.12,2.14,0.14,0.01,0.01,0.00,0.00,0.01,0.00,0.00,8.53,3.01,,0.6610,916.0,99.97
261583.4159,897897.5222,AQ-9X,"-2,389.3",HSFT-1,SKL Lab,74.80,3.74,2.26,0.38,0.27,0.06,0.03,0.00,0.00,0.00,13.31,5.15,,0.7566,892.0,100.00
261583.4159,897897.5222,AQ-9X,"-2,386.3",HSFT-2,SKL Lab,76.55,3.05,1.57,0.24,0.17,0.06,0.00,0.02,0.00,0.00,12.38,5.96,,0.7372,872.1,100.00
261583.4159,897897.5222,AQ-9X,"-2,386.3",HSFT-1,Isotech,76.91,2.86,1.47,0.23,0.15,0.03,0.02,0.02,,,11.89,6.36,,0.7300,883.0,99.93
240803.4583,928891.7886,CV-1X,"-1,832.3",MDT,VPI,74.76,5.92,5.26,1.61,0.86,0.37,0.16,0.11,0.03,0.00,6.08,4.84,,0.7695,1107.0,100.00
240803.4583,928891.7886,CV-1X,"-1,832.3",MDT,SKL Lab,74.57,5.67,5.29,1.58,0.93,0.34,0.18,0.15,0.08,0.03,6.32,4.86,,,1089.0,100.00
240803.4583,928891.7886,CV-1X,"-1,889.9",MDT,VPI,79.58,4.16,2.28,0.40,0.21,0.06,0.03,0.02,0.00,0.00,6.68,6.57,,,964.0,100.00
240803.4583,928891.7886,CV-1X,"-2,024.0",MDT,VPI,75.77,3.44,2.30,0.41,0.27,0.05,0.04,0.02,0.00,0.00,8.13,9.56,,,916.0,100.00
240803.4583,928891.7886,CV-1X,"-2,690.0",MDT,VPI,80.28,2.39,0.16,0.05,0.02,0.03,0.02,0.02,0.00,0.01,14.38,2.65,,,867.0,100.00
240803.4583,928891.7886,CV-1X,"-2,791.9",MDT,VPI,68.05,4.13,0.83,0.38,0.20,0.21,0.09,0.13,0.06,0.15,24.33,1.44,,,836.0,100.00
240803.4583,928891.7886,CV-1X,"-2,850.3",TST-1,VPI,69.79,3.32,0.36,0.15,0.11,0.12,0.06,0.18,0.09,0.03,24.24,1.56,,,808.0,100.00
240803.4583,928891.7886,CV-1X,"-2,850.3",TST-1,SKL Lab,69.89,3.28,0.38,0.14,0.12,0.09,0.06,0.12,0.11,0.02,23.79,2.00,,0.8270,791.0,100.00
240803.4583,928891.7886,CV-1X,"-2,790.9",TST-2,VPI,66.88,4.53,0.84,0.41,0.24,0.25,0.11,0.33,0.18,0.06,24.87,1.32,,,847.0,100.00
240803.4583,928891.7886,CV-1X,"-2,790.9",TST-2,SKL Lab,67.69,4.11,0.90,0.41,0.24,0.22,0.11,0.19,0.14,0.03,24.53,1.43,,0.8531,822.0,100.00
240803.4583,928891.7886,CV-1X,"-2,688.8",TST-3,VPI,77.24,3.70,0.41,0.18,0.13,0.11,0.08,0.16,0.08,0.01,15.89,2.00,,,891.0,100.00
240803.4583,928891.7886,CV-1X,"-2,688.8",TST-3,SKL Lab,76.43,3.58,0.45,0.19,0.14,0.12,0.08,0.18,0.12,0.03,16.56,2.12,,0.7636,871.0,100.00
240803.4583,928891.7886,CV-1X,"-2,688.8",TST-3,Core Lab,76.67,3.48,0.44,0.21,0.16,0.14,0.09,0.24,0.10,0.19,16.18,2.10,,0.7665,901.0,100.00
240803.4583,928891.7886,CV-1X,"-2,023.1",TST-5,VPI,66.73,4.85,7.08,1.67,1.65,0.64,0.44,0.50,0.19,0.04,9.01,7.20,,,1133.0,100.00
240803.4583,928891.7886,CV-1X,"-2,023.1",TST-5,SKL Lab,68.47,4.76,5.73,1.57,1.58,0.52,0.40,0.29,0.15,0.02,9.35,7.16,,0.8306,1070.0,100.00
240803.4583,928891.7886,CV-1X,"-2,023.1",TST-5,Core Lab,67.71,4.68,5.87,1.69,1.72,0.65,0.50,0.64,0.22,0.17,8.97,7.18,,0.8507,1129.0,100.00
239766.0555,927641.8851,CV-3X,"-1,702.4",MDT-1,VPI,83.56,3.34,2.29,0.58,0.22,0.05,0.02,0.01,0.00,0.00,4.34,5.59,,0.6705,992.0,100.00
239766.0555,927641.8851,CV-3X,"-1,702.4",MDT-1,Isotech,83.88,3.16,2.16,0.57,0.23,0.05,0.02,0.01,0.00,0.00,4.50,5.39,,,974.5,99.98
239766.0555,927641.8851,CV-3X,"-1,361.4",MDT-2,Isotech,87.47,1.89,0.61,0.11,0.03,0.01,0.00,0.00,0.00,0.00,3.73,6.12,,,925.2,99.97
239766.0555,927641.8851,CV-3X,"-1,361.4",MDT-2,VPI,86.84,2.16,0.81,0.17,0.06,0.03,0.02,0.01,0.00,0.00,3.75,6.15,,0.6384,947.0,100.00
239766.0555,927641.8851,CV-3X,"-1,860.6",MDT-3,SKL Lab,76.71,4.69,4.49,1.51,0.91,0.36,0.18,0.14,0.05,0.02,6.35,4.59,,0.7536,1068.8,100.00
239766.0555,927641.8851,CV-3X,"-1,860.6",MDT-3,VPI,77.44,4.18,4.74,1.56,0.93,0.39,0.19,0.06,0.00,0.00,6.08,4.43,,0.7459,1085.2,100.00
239766.0555,927641.8851,CV-3X,"-2,098.3",MDT-4,SKL Lab,42.60,0.89,0.11,0.01,0.01,0.00,0.00,0.01,0.00,0.00,46.32,10.05,,1.0515,444.5,100.00
239766.0555,927641.8851,CV-3X,"-2,098.3",MDT-4,VPI,43.24,0.57,0.08,0.01,0.01,0.00,0.00,0.00,0.00,0.00,47.75,8.34,,1.0533,449.7,100.00
239766.0555,927641.8851,CV-3X,"-2,444.3",TST-3,VPI,58.36,8.74,9.31,1.90,2.64,0.84,0.72,0.87,0.39,0.35,14.88,1.00,,0.9731,1275.6,100.00
239766.0555,927641.8851,CV-3X,"-2,444.3",TST-3,VPI,58.70,8.81,9.34,1.86,2.52,0.82,0.68,0.83,0.35,0.29,14.80,1.00,,0.9654,1265.7,100.00
239766.0555,927641.8851,CV-3X,"-2,444.3",TST-3,SKL Lab,58.13,8.63,9.10,1.94,2.75,0.88,0.75,0.63,0.34,0.10,15.70,1.05,,0.9727,1229.0,100.00
239766.0555,927641.8851,CV-3X,"-1,944.1",TST-4,VPI,72.06,5.13,6.44,2.07,1.25,0.53,0.27,0.10,0.00,0.00,7.42,4.73,8,0.7984,1129.0,100.00
239766.0555,927641.8851,CV-3X,"-1,944.1",TST-4,Isotech,71.94,4.94,6.29,1.98,1.22,0.53,0.27,0.35,0.00,0.00,7.67,4.79,,,1112.3,99.98
239766.0555,927641.8851,CV-3X,"-1,858.8",TST-5,VPI,74.72,4.62,5.94,2.14,1.33,0.62,0.32,0.11,0.00,0.00,6.26,3.94,4,0.7817,1145.0,100.00
239766.0555,927641.8851,CV-3X,"-1,858.8",TST-5,Isotech,74.83,4.42,5.72,2.03,1.28,0.57,0.29,0.30,0.00,0.00,6.49,4.05,,,1121.3,99.98
239766.0555,927641.8851,CV-3X,"-1,698.0",TST-6,VPI,77.82,4.44,4.89,1.93,1.07,0.53,0.28,0.11,0.00,0.00,4.62,4.31,4,0.7470,1126.0,100.00
239766.0555,927641.8851,CV-3X,"-1,698.0",TST-6,Isotech,77.84,4.25,4.74,1.90,1.03,0.51,0.26,0.34,0.00,0.00,4.78,4.34,,,1109.7,99.99
241492.5603,917098.3957,CV-4X,"-2,663.2",HSFT,SKL Lab,64.72,9.28,4.94,0.72,0.75,0.15,0.10,0.03,0.05,0.00,17.42,1.84,,0.8536,993.0,100.00
241492.5603,917098.3957,CV-4X,"-2,663.2",HSFT,Isotech,65.10,9.17,0.00,4.67,0.67,0.68,0.11,0.07,0.11,0.00,17.60,1.55,,,1034.7,99.73
241492.5603,917098.3957,CV-4X,"-2,663.2",HSFT,VPI,64.33,9.73,5.15,0.81,0.89,0.44,0.21,0.32,0.14,0.02,17.05,0.90,,0.8690,1059.0,100.00
241492.5603,917098.3957,CV-4X,"-2,773.0",HSFT,SKL Lab,67.03,8.04,3.45,0.50,0.66,0.16,0.13,0.10,0.05,0.01,18.22,1.65,,0.8382,952.0,100.00
241492.5603,917098.3957,CV-4X,"-2,773.0",HSFT,SKL Lab,67.31,8.03,3.39,0.48,0.62,0.14,0.10,0.07,0.04,0.01,18.12,1.69,,0.8338,947.0,100.00
241492.5603,917098.3957,CV-4X,"-2,773.0",HSFT,SKL Lab,68.69,7.61,2.83,0.37,0.43,0.10,0.08,0.09,0.06,0.02,18.19,1.53,,0.8221,930.0,100.00
241492.5603,917098.3957,CV-4X,"-2,773.0",HSFT,VPI,65.94,8.11,3.32,0.48,0.65,0.24,0.18,0.28,0.23,0.10,19.52,0.96,,0.8580,979.0,100.00
241492.5603,917098.3957,CV-4X,"-2,960.2",HSFT,SKL Lab,75.68,2.38,0.61,0.32,0.29,0.15,0.13,0.16,0.08,0.02,17.90,2.28,,0.7765,855.0,100.00
241492.5603,917098.3957,CV-4X,"-2,960.2",HSFT,SKL Lab,75.41,2.41,0.64,0.34,0.32,0.18,0.15,0.19,0.08,0.02,18.02,2.24,,0.7804,859.0,100.00
241492.5603,917098.3957,CV-4X,"-2,960.2",HSFT,SKL Lab,75.52,2.40,0.63,0.34,0.31,0.16,0.13,0.14,0.05,0.01,17.87,2.44,,0.7763,853.0,100.00
241492.5603,917098.3957,CV-4X,"-2,960.2",HSFT,Isotech,73.75,2.17,0.58,0.31,0.28,0.14,0.12,0.18,0.00,0.00,20.02,2.21,,,836.0,99.76
241492.5603,917098.3957,CV-4X,"-2,960.2",HSFT,VPI,73.44,2.38,0.63,0.41,0.42,0.41,0.38,1.02,1.05,0.42,18.46,0.97,,0.8480,988.0,100.00
241492.5603,917098.3957,CV-4X,"-1,567.0",RDT,VPI,86.03,2.22,1.18,1.09,0.47,0.72,0.49,0.43,0.14,0.05,2.82,4.36,,0.6830,1070.0,100.01
241492.5603,917098.3957,CV-4X,"-1,567.0",RDT,Isotech,87.41,2.05,0.89,0.48,0.17,0.08,0.05,0.14,0.00,0.00,3.03,5.44,,,974.6,99.74
241492.5603,917098.3957,CV-4X,"-1,567.0",RDT,SKL Lab,86.84,2.26,0.98,0.56,0.21,0.13,0.07,0.06,0.02,0.00,3.25,5.62,,0.6472,966.0,100.00
241492.5603,917098.3957,CV-4X,"-1,660.6",RDT,VPI,82.20,3.81,3.26,1.15,0.57,0.30,0.15,0.18,0.12,0.03,4.06,4.16,,0.7030,1073.0,100.00
241492.5603,917098.3957,CV-4X,"-1,660.6",RDT,SKL Lab,81.16,3.75,3.30,1.10,0.55,0.20,0.10,0.08,0.02,0.00,4.93,4.81,,0.7055,1027.0,100.00
241492.5603,917098.3957,CV-4X,"-1,741.4",RDT,SKL Lab,81.09,3.21,3.56,1.52,0.68,0.29,0.13,0.11,0.02,0.00,5.37,4.02,,0.7175,1047.0,100.00
241492.5603,917098.3957,CV-4X,"-1,741.4",RDT,VPI,82.64,3.39,3.46,1.52,0.65,0.29,0.12,0.16,0.10,0.02,4.08,3.58,,0.7040,1085.0,99.99
241492.5603,917098.3957,CV-4X,"-1,987.6",RDT,SKL Lab,74.12,5.67,5.95,1.40,0.97,0.27,0.15,0.12,0.04,0.01,7.48,3.82,,0.7762,1088.0,100.00
241492.5603,917098.3957,CV-4X,"-1,987.6",RDT,Isotech,75.65,5.57,5.70,1.28,0.85,0.22,0.11,0.13,0.00,0.00,6.41,4.05,,,1095.0,99.97
241492.5603,917098.3957,CV-4X,"-1,987.6",RDT,VPI,74.64,5.63,5.84,1.49,1.11,0.53,0.36,0.50,0.23,0.06,5.95,3.68,,0.7850,1162.0,100.00
241492.5603,917098.3957,CV-4X,"-2,288.8",RDT,Isotech,71.97,6.03,5.07,0.88,0.63,0.13,0.06,0.06,0.00,0.00,12.43,2.57,,,1020.5,99.82
241492.5603,917098.3957,CV-4X,"-2,288.8",RDT,SKL Lab,70.96,6.05,5.01,0.84,0.62,0.12,0.06,0.03,0.01,0.00,13.79,2.51,,0.8032,995.0,100.00
241492.5603,917098.3957,CV-4X,"-2,288.8",RDT,VPI,72.32,6.31,5.21,0.96,0.77,0.27,0.14,0.13,0.10,0.06,11.80,1.93,,0.7980,1063.0,100.00
241492.5603,917098.3957,CV-4X,"-2,558.8",RDT,SKL Lab,66.89,8.30,5.49,1.20,1.03,0.30,0.18,0.14,0.06,0.02,15.76,0.63,,0.8524,1061.0,100.00
241492.5603,917098.3957,CV-4X,"-2,558.8",RDT,VPI,66.90,9.05,5.58,1.27,1.10,0.39,0.25,0.37,0.33,0.09,14.17,0.50,,0.8580,1122.0,100.00
234041.8396,939421.1579,VD-1X,"-1,782.9",HSFT-2,SKL Lab,81.42,2.31,1.32,0.33,0.16,0.10,0.00,0.02,0.00,0.01,5.49,8.84,,0.6785,906.1,100.00
234041.8396,939421.1579,VD-1X,"-1,782.9",HSFT-2,VPI,81.25,2.25,1.80,0.47,0.21,0.09,0.05,0.05,0.03,0.00,5.08,8.73,,0.6819,939.0,100.00
234041.8396,939421.1579,VD-1X,"-1,786.7",HSFT-3,SKL Lab,80.28,3.19,2.39,0.70,0.41,0.18,0.14,0.18,0.22,0.13,5.98,5.84,,,,99.64
234041.8396,939421.1579,VD-1X,"-1,786.7",HSFT-3,VPI,80.03,3.06,2.63,0.78,0.47,0.14,0.06,0.06,0.04,0.01,5.95,6.78,,0.7043,984.0,100.00
234041.8396,939421.1579,VD-1X,"-1,786.7",HSFT-3,Isotech,75.94,2.86,2.13,0.64,0.37,0.15,0.09,0.40,,,5.65,10.71,,0.7220,936.0,98.93
234041.8396,939421.1579,VD-1X,"-1,962.6",HSFT-1,SKL Lab,72.89,8.17,6.79,1.09,1.00,0.20,0.12,0.05,0.01,0.00,8.33,1.35,,0.7858,"1,122.2",100.00
234041.8396,939421.1579,VD-1X,"-1,962.6",HSFT-1,VPI,71.57,8.22,7.77,1.37,1.16,0.32,0.17,0.11,0.06,0.01,7.92,1.32,,0.8017,1178.0,100.00
234041.8396,939421.1579,VD-1X,"-1,970.8",HSFT-4,SKL Lab,72.60,8.27,6.91,1.11,1.02,0.21,0.13,0.05,0.01,0.00,8.36,1.33,,0.7886,"1,126.2",100.00
234041.8396,939421.1579,VD-1X,"-1,970.8",HSFT-4,VPI,71.04,8.28,7.83,1.40,1.39,0.30,0.19,0.18,0.12,0.02,7.98,1.29,,0.8103,1191.0,100.01
234041.8396,939421.1579,VD-1X,"-1,970.8",HSFT-4,Isotech,73.17,8.28,6.62,1.05,0.94,0.19,0.12,0.20,,,8.04,1.37,,0.7810,1145.0,99.98
256260.301,926934.4832,AQ-1X,"-2,299.3",MDT,VPI,88.77,3.90,0.07,0.02,0.02,0.04,0.03,0.05,0.03,0.01,5.28,1.80,,,977.0,100.00
256260.301,926934.4832,AQ-1X,"-2,358.3",MDT,VPI,87.32,4.40,0.12,0.02,0.02,0.03,0.02,0.04,0.02,0.00,6.23,1.79,,,971.0,100.00
256260.301,926934.4832,AQ-1X,"-2,358.3",MDT,SKL Lab,89.60,1.59,0.13,0.02,0.02,0.01,0.01,0.01,0.01,0.00,6.68,1.92,,0.6379,927.0,100.00
256260.301,926934.4832,AQ-1X,"-2,358.3",MDT,Isotech,90.13,1.45,0.13,0.02,0.02,0.01,0.01,0.02,,,6.41,1.80,,,,99.99
256260.301,926934.4832,AQ-1X,"-2,493.9",MDT,VPI,88.94,1.77,0.25,0.04,0.05,0.05,0.03,0.08,0.07,0.02,6.99,1.72,,,952.0,100.00
256260.301,926934.4832,AQ-1X,"-2,493.9",MDT,SKL Lab,84.71,2.31,0.25,0.03,0.04,0.02,0.02,0.02,0.01,0.00,7.16,5.43,,0.6628,896.0,100.00
256260.301,926934.4832,AQ-1X,"-2,493.9",MDT,Isotech,85.25,2.15,0.25,0.03,0.04,0.01,0.01,0.01,,,6.86,4.55,,,,99.16
256260.301,926934.4832,AQ-1X,"-2,737.9",MDT,VPI,76.31,0.95,0.10,0.04,0.02,0.03,0.01,0.04,0.01,0.00,20.52,1.98,,,797.0,100.00
256260.301,926934.4832,AQ-1X,"-2,828.9",MDT,Isotech,54.73,0.67,0.06,0.02,0.01,0.00,0.00,0.01,,,42.83,1.67,,,,99.99
256260.301,926934.4832,AQ-1X,"-2,828.9",MDT,SKL Lab,55.88,0.88,0.06,0.02,0.01,0.01,0.00,0.00,0.00,0.00,41.34,1.80,,0.9686,576.0,100.00
256260.301,926934.4832,AQ-1X,"-2,828.9",MDT,VPI,55.19,0.56,0.09,0.05,0.07,0.07,0.08,0.13,0.07,0.02,41.98,1.69,,,591.0,100.00
256260.301,926934.4832,AQ-1X,"-2,732.9",TST-1,Isotech,74.49,1.18,0.12,0.04,0.03,0.02,0.01,0.10,,,22.13,1.87,,,,99.99
256260.301,926934.4832,AQ-1X,"-2,732.9",TST-1,SKL Lab,74.21,1.37,0.12,0.04,0.03,0.03,0.03,0.03,0.07,0.01,22.08,1.98,,0.7901,777.0,100.00
256260.301,926934.4832,AQ-1X,"-2,732.9",TST-1,VPI,73.66,1.30,0.11,0.05,0.03,0.02,0.02,0.03,0.07,0.00,22.73,1.98,,,779.0,100.00
256260.301,926934.4832,AQ-1X,"-2,732.9",TST-1,VPI,73.71,1.30,0.11,0.05,0.03,0.02,0.02,0.04,0.09,0.01,22.65,1.98,,,781.0,100.00
256260.301,926934.4832,AQ-1X,"-2,340.7",TST-2,VPI,89.00,1.40,0.22,0.03,0.03,0.02,0.02,0.02,0.04,0.01,7.39,1.84,,,935.0,100.00
256260.301,926934.4832,AQ-1X,"-2,340.7",TST-2,VPI,88.80,1.40,0.22,0.03,0.03,0.02,0.02,0.03,0.05,0.00,7.51,1.90,,,935.0,100.00
256260.301,926934.4832,AQ-1X,"-2,295.2",TST-3,VPI,88.97,1.92,0.38,0.04,0.04,0.02,0.02,0.22,0.12,0.01,6.69,1.58,,,963.0,100.00
256260.301,926934.4832,AQ-1X,"-2,295.2",TST-3,VPI,89.35,1.93,0.26,0.04,0.04,0.02,0.02,0.03,0.06,0.00,6.74,1.51,,,952.0,100.00
256260.301,926934.4832,AQ-1X,"-2,295.2",TST-3,SKL Lab,89.21,1.91,0.19,0.04,0.04,0.02,0.02,0.03,0.06,0.00,6.91,1.57,,0.6438,936.0,100.00
256260.301,926934.4832,AQ-1X,"-2,297.3",TST-3,Isotech,89.77,1.76,0.18,0.04,0.04,0.02,0.02,0.12,,,6.61,1.44,,,,99.99
255880.7639,945034.5448,KL-1X,"-2,429.6",TST-2,Lab,87.02,2.90,0.34,0.09,0.06,0.05,0.02,0.04,0.09,0.02,8.70,0.53,,,960.0,99.84
255880.7639,945034.5448,KL-1X,"-2,023.4",TST-3,Lab,90.92,3.21,0.46,0.10,0.08,0.05,0.03,0.04,0.04,0.01,4.23,0.63,,,1007.0,99.80
255779.3996,949948.8475,KL-2X,"-1,667.7",MDT,VPI,94.79,1.25,0.18,0.00,0.00,0.00,0.00,0.00,0.00,0.00,0.00,3.78,,,984.0,100.00
255779.3996,949948.8475,KL-2X,"-1,667.7",MDT,SKL Lab,94.63,1.23,0.06,0.00,0.00,0.00,0.00,0.00,0.00,0.00,0.11,3.97,,0.5788,966.0,100.00
255779.3996,949948.8475,KL-2X,"-1,667.7",MDT,Isotech,95.04,1.13,0.05,0.00,0.00,0.00,0.00,0.00,,,0.00,3.74,,,,99.97
255779.3996,949948.8475,KL-2X,"-1,868.9",MDT,VPI,86.67,1.55,0.28,0.01,0.00,0.00,0.00,0.00,0.00,0.00,9.95,1.54,,,910.0,100.00
255779.3996,949948.8475,KL-2X,"-1,868.9",MDT,SKL Lab,87.66,0.94,0.03,0.00,0.00,0.00,0.00,0.00,0.00,0.00,7.80,3.57,,0.6499,891.0,100.00
255779.3996,949948.8475,KL-2X,"-1,868.9",MDT,Isotech,88.15,0.83,0.03,0.00,0.00,0.00,0.00,0.00,,,7.50,3.45,,,,99.97
255779.3996,949948.8475,KL-2X,"-2,078.1",MDT,VPI,83.67,0.60,0.86,0.00,0.00,0.00,0.00,0.00,0.00,0.00,11.36,3.50,,,882.0,100.00
255779.3996,949948.8475,KL-2X,"-2,078.6",MDT,SKL Lab,84.48,0.57,0.02,0.00,0.00,0.00,0.00,0.00,0.00,0.00,11.45,3.48,,0.6830,853.0,100.00
255779.3996,949948.8475,KL-2X,"-2,078.6",MDT,Isotech,84.95,0.49,0.01,0.00,0.00,0.00,0.00,0.00,,,11.29,3.22,,,,99.97
255779.3996,949948.8475,KL-2X,"-2,109.6",MDT,VPI,78.45,1.22,0.07,0.02,0.01,0.00,0.00,0.00,0.00,0.00,17.42,2.82,,,819.0,100.00
255779.3996,949948.8475,KL-2X,"-2,109.6",MDT,SKL Lab,78.02,1.27,0.07,0.00,0.00,0.00,0.00,0.00,0.00,0.00,17.77,2.87,,0.7457,802.0,100.00
255779.3996,949948.8475,KL-2X,"-2,109.6",MDT,Isotech,78.44,1.10,0.07,0.01,0.01,0.00,0.00,0.00,,,17.74,2.61,,,,99.98
255779.3996,949948.8475,KL-2X,"-2,125.0",MDT,VPI,76.67,1.43,0.12,0.02,0.01,0.00,0.00,0.00,0.00,0.00,19.36,2.37,,,804.0,100.00
255779.3996,949948.8475,KL-2X,"-2,125.0",MDT,SKL Lab,76.33,1.45,0.10,0.02,0.00,0.00,0.00,0.00,0.00,0.00,19.63,2.47,,0.7635,790.0,100.00
255779.3996,949948.8475,KL-2X,"-2,125.0",MDT,Isotech,76.49,1.29,0.10,0.02,0.01,0.00,0.00,0.00,,,19.75,2.31,,,,99.98
255779.3996,949948.8475,KL-2X,"-2,136.0",MDT,Isotech,76.13,1.11,0.07,0.01,0.01,0.00,0.00,0.00,,,20.32,2.32,,,,99.97
255779.3996,949948.8475,KL-2X,"-2,136.0",MDT,SKL Lab,75.88,1.28,0.07,0.01,0.00,0.00,0.00,0.00,0.00,0.00,20.30,2.46,,0.7687,781.0,100.00
255779.3996,949948.8475,KL-2X,"-2,136.0",MDT,VPI,76.22,1.23,0.06,0.02,0.01,0.00,0.00,0.00,0.00,0.00,20.05,2.42,,,797.0,100.00
259207.7091,940177.4202,KL-3X,"-1,416.2",MDT,VPI,92.90,2.38,1.05,0.32,0.10,0.05,0.02,0.03,0.00,0.00,1.34,1.81,,,1025.0,100.00
259207.7091,940177.4202,KL-3X,"-1,416.2",MDT,SKL Lab,92.87,2.32,0.69,0.29,0.08,0.05,0.02,0.02,0.00,0.00,1.52,2.14,,0.6036,999.0,100.00
259207.7091,940177.4202,KL-3X,"-1,416.2",MDT,Isotech,93.22,2.21,0.69,0.31,0.09,0.05,0.02,0.03,,,1.36,1.98,,,,99.96
259207.7091,940177.4202,KL-3X,"-1,762.1",MDT,SKL Lab,90.41,3.31,0.82,0.26,0.13,0.06,0.03,0.03,0.01,0.00,3.04,1.90,,0.6247,998.0,100.00
259207.7091,940177.4202,KL-3X,"-1,762.1",MDT,VPI,90.44,3.43,1.23,0.30,0.16,0.06,0.04,0.04,0.01,0.00,2.87,1.43,,,1026.0,100.01
259207.7091,940177.4202,KL-3X,"-1,762.1",MDT,Isotech,90.56,3.26,0.87,0.30,0.17,0.08,0.05,0.10,,,2.86,1.75,,,,99.99
259207.7091,940177.4202,KL-3X,"-2,361.5",MDT,VPI,87.85,3.00,0.83,0.06,0.09,0.01,0.02,0.02,0.01,0.00,6.06,2.05,,,969.0,99.99
259207.7091,940177.4202,KL-3X,"-2,361.5",MDT,SKL Lab,87.64,2.93,0.45,0.07,0.08,0.01,0.01,0.01,0.01,0.00,6.38,2.41,,0.6483,943.0,100.00
259207.7091,940177.4202,KL-3X,"-2,361.5",MDT,Isotech,88.14,2.79,0.46,0.07,0.08,0.01,0.01,0.02,,,6.13,2.24,,,,99.95
259207.7091,940177.4202,KL-3X,"-2,532.5",MDT,VPI,64.31,1.43,0.45,0.06,0.04,0.03,0.02,0.05,0.02,0.00,31.90,1.73,,,693.0,100.02
259207.7091,940177.4202,KL-3X,"-2,532.5",MDT,SKL Lab,65.43,1.44,0.13,0.04,0.03,0.02,0.01,0.02,0.01,0.00,31.04,1.83,,0.8739,686.0,100.00
259207.7091,940177.4202,KL-3X,"-2,532.5",MDT,Isotech,64.96,1.22,0.12,0.04,0.02,0.01,0.01,0.03,,,31.87,1.71,,,,99.99
259207.7091,940177.4202,KL-3X,"-2,575.4",MDT,VPI,65.58,1.35,0.39,0.04,0.02,0.01,0.01,0.03,0.01,0.00,30.80,1.76,,,701.0,100.01
259207.7091,940177.4202,KL-3X,"-2,575.4",MDT,SKL Lab,65.78,1.43,0.12,0.03,0.02,0.02,0.02,0.03,0.01,0.00,30.49,2.05,,0.8695,689.0,100.00
259207.7091,940177.4202,KL-3X,"-2,575.4",MDT,Isotech,65.39,1.22,0.12,0.03,0.02,0.01,0.01,0.02,,,31.27,1.87,,,,99.96
259207.7091,940177.4202,KL-3X,"-2,600.9",MDT,Isotech,70.92,1.35,0.15,0.04,0.03,0.01,0.01,0.02,,,25.48,1.96,,,,99.97
259207.7091,940177.4202,KL-3X,"-2,600.9",MDT,SKL Lab,70.92,1.55,0.15,0.05,0.04,0.02,0.02,0.01,0.01,0.00,25.13,2.10,,0.8187,744.0,100.00
259207.7091,940177.4202,KL-3X,"-2,600.9",MDT,VPI,70.15,1.47,0.43,0.05,0.02,0.02,0.01,0.01,0.00,0.00,25.66,1.98,,,749.0,99.80
259207.7091,940177.4202,KL-3X,"-2,532.5",MDT 2-18,Isotech,64.94,1.36,0.73,0.04,0.03,0.02,0.01,0.03,0.01,0.00,31.19,1.66,,,704.0,100.01
259207.7091,940177.4202,KL-3X,"-1,762.1",MDT 2-7,Isotech,90.70,3.48,0.44,0.32,0.18,0.09,0.05,0.06,0.03,0.00,2.84,1.63,,,1017.0,99.80
255329.3627,948472.3796,KL-4X,"-1,376.6",MDT-1,VPI,90.31,2.61,0.43,0.12,0.10,0.05,0.04,0.01,0.00,0.00,2.15,4.17,,0.6140,982.6,100.00
255329.3627,948472.3796,KL-4X,"-1,568.5",MDT-1,VPI,92.73,2.50,0.35,0.07,0.02,0.02,0.01,0.02,0.00,0.00,1.49,2.80,,0.5975,996.3,100.00
255329.3627,948472.3796,KL-4X,"-1,654.7",MDT-2,VPI,90.76,3.22,0.60,0.17,0.08,0.04,0.02,0.02,0.00,0.00,2.57,2.52,,0.6158,"1,002.3",100.00
255329.3627,948472.3796,KL-4X,"-1,763.8",MDT-2,Isotech,91.77,2.66,0.36,0.07,0.04,0.01,0.00,0.00,0.00,0.00,2.53,2.54,,,974.3,99.98
255329.3627,948472.3796,KL-4X,"-1,763.8",MDT-2,VPI,90.95,2.83,0.39,0.07,0.04,0.02,0.01,0.01,0.00,0.00,2.45,3.23,,0.6107,985.6,100.00
255329.3627,948472.3796,KL-4X,"-1,667.9",MDT-3,Isotech,90.92,3.13,0.60,0.18,0.10,0.04,0.02,0.03,0.00,0.00,2.60,2.35,,,989.1,99.98
251981.319,960744.8076,TXT-3X,"-1,750.3",HSFT-1,SKL Lab,89.51,2.30,0.39,0.11,0.04,0.00,0.00,0.00,0.00,0.00,4.76,2.89,,0.6300,947.0,100.00
251981.319,960744.8076,TXT-3X,"-1,750.3",HSFT-1,VPI,89.34,2.20,0.84,0.23,0.09,0.03,0.02,0.01,0.03,0.02,4.39,2.80,,0.6339,980.0,100.00
251981.319,960744.8076,TXT-3X,"-1,751.0",HSFT-2,SKL Lab,89.60,2.16,0.34,0.09,0.00,0.00,0.00,0.01,0.00,0.00,4.53,3.27,,0.6276,942.7,100.00
251981.319,960744.8076,TXT-3X,"-1,751.0",HSFT-2,VPI,89.62,2.14,0.79,0.21,0.07,0.02,0.01,0.00,0.00,0.00,4.23,2.91,,0.6295,975.0,100.00
251981.319,960744.8076,TXT-3X,"-1,751.0",HSFT-2,Isotech,89.97,2.02,0.36,0.09,0.04,0.01,0.01,0.04,,,4.19,3.22,,0.6240,964.0,99.95
